absorption_coefficient,beam_pos_x,beam_pos_y,beam_pos_z,force_type,fx,fy,fz,medium_refractive_index,radius,refractive_index
1000.0,-1.8e-05,0,-6e-06,total,4.399189422855132e-31,,,1.33,6e-06,1.6
1000.0,-1.74375e-05,0,-6e-06,total,9.022452217433224e-30,,,1.33,6e-06,1.6
1000.0,-1.6875e-05,0,-6e-06,total,1.5957326349820186e-28,,,1.33,6e-06,1.6
1000.0,-1.63125e-05,0,-6e-06,total,2.3834672443240336e-27,,,1.33,6e-06,1.6
1000.0,-1.575e-05,0,-6e-06,total,2.867880418410834e-26,,,1.33,6e-06,1.6
1000.0,-1.51875e-05,0,-6e-06,total,2.4030314787741563e-25,,,1.33,6e-06,1.6
1000.0,-1.4625e-05,0,-6e-06,total,3.3361022590155836e-25,,,1.33,6e-06,1.6
1000.0,-1.40625e-05,0,-6e-06,total,-3.537901833607713e-23,,,1.33,6e-06,1.6
1000.0,-1.35e-05,0,-6e-06,total,-8.408124256815053e-22,,,1.33,6e-06,1.6
1000.0,-1.29375e-05,0,-6e-06,total,-1.3254965020456601e-20,,,1.33,6e-06,1.6
1000.0,-1.2375e-05,0,-6e-06,total,-1.5898302284398297e-19,,,1.33,6e-06,1.6
1000.0,-1.1812499999999999e-05,0,-6e-06,total,-1.6010617686141575e-18,,,1.33,6e-06,1.6
1000.0,-1.1249999999999999e-05,0,-6e-06,total,-1.3823193853706178e-17,,,1.33,6e-06,1.6
1000.0,-1.0687499999999999e-05,0,-6e-06,total,-1.0325657798662473e-16,,,1.33,6e-06,1.6
1000.0,-1.0124999999999999e-05,0,-6e-06,total,-6.745844578344897e-16,,,1.33,6e-06,1.6
1000.0,-9.562499999999999e-06,0,-6e-06,total,-3.861123295743381e-15,,,1.33,6e-06,1.6
1000.0,-9e-06,0,-6e-06,total,-1.9329301745903798e-14,,,1.33,6e-06,1.6
1000.0,-8.4375e-06,0,-6e-06,total,-8.409064030102282e-14,,,1.33,6e-06,1.6
1000.0,-7.875e-06,0,-6e-06,total,-3.143127866810322e-13,,,1.33,6e-06,1.6
1000.0,-7.3125e-06,0,-6e-06,total,-9.9237920831087e-13,,,1.33,6e-06,1.6
1000.0,-6.75e-06,0,-6e-06,total,-2.586102232498303e-12,,,1.33,6e-06,1.6
1000.0,-6.1875e-06,0,-6e-06,total,-5.404789166450683e-12,,,1.33,6e-06,1.6
1000.0,-5.6249999999999995e-06,0,-6e-06,total,-8.789688959784199e-12,,,1.33,6e-06,1.6
1000.0,-5.062499999999999e-06,0,-6e-06,total,-1.0925236859767793e-11,,,1.33,6e-06,1.6
1000.0,-4.5e-06,0,-6e-06,total,-1.0629017709530586e-11,,,1.33,6e-06,1.6
1000.0,-3.9375e-06,0,-6e-06,total,-8.848301795760405e-12,,,1.33,6e-06,1.6
1000.0,-3.375e-06,0,-6e-06,total,-6.993646890010416e-12,,,1.33,6e-06,1.6
1000.0,-2.8124999999999998e-06,0,-6e-06,total,-5.456356787294396e-12,,,1.33,6e-06,1.6
1000.0,-2.25e-06,0,-6e-06,total,-4.15656041175803e-12,,,1.33,6e-06,1.6
1000.0,-1.6875e-06,0,-6e-06,total,-3.0072685209791566e-12,,,1.33,6e-06,1.6
1000.0,-1.125e-06,0,-6e-06,total,-1.955329698160692e-12,,,1.33,6e-06,1.6
1000.0,-5.625e-07,0,-6e-06,total,-9.63283520393637e-13,,,1.33,6e-06,1.6
1000.0,0.0,0,-6e-06,total,-4.983759706243445e-22,,,1.33,6e-06,1.6
1000.0,5.625e-07,0,-6e-06,total,9.632835178003546e-13,,,1.33,6e-06,1.6
1000.0,1.125e-06,0,-6e-06,total,1.955329699124798e-12,,,1.33,6e-06,1.6
1000.0,1.6875e-06,0,-6e-06,total,3.007268518883414e-12,,,1.33,6e-06,1.6
1000.0,2.25e-06,0,-6e-06,total,4.156560412374704e-12,,,1.33,6e-06,1.6
1000.0,2.8124999999999998e-06,0,-6e-06,total,5.4563567884700685e-12,,,1.33,6e-06,1.6
1000.0,3.375e-06,0,-6e-06,total,6.993646894729323e-12,,,1.33,6e-06,1.6
1000.0,3.9375e-06,0,-6e-06,total,8.848301798760587e-12,,,1.33,6e-06,1.6
1000.0,4.5e-06,0,-6e-06,total,1.062901771166741e-11,,,1.33,6e-06,1.6
1000.0,5.062499999999999e-06,0,-6e-06,total,1.0925236856396512e-11,,,1.33,6e-06,1.6
1000.0,5.6249999999999995e-06,0,-6e-06,total,8.789688955233744e-12,,,1.33,6e-06,1.6
1000.0,6.1875e-06,0,-6e-06,total,5.404789167630838e-12,,,1.33,6e-06,1.6
1000.0,6.75e-06,0,-6e-06,total,2.586102234636521e-12,,,1.33,6e-06,1.6
1000.0,7.3125e-06,0,-6e-06,total,9.923792028919626e-13,,,1.33,6e-06,1.6
1000.0,7.875e-06,0,-6e-06,total,3.1431278507835676e-13,,,1.33,6e-06,1.6
1000.0,8.4375e-06,0,-6e-06,total,8.409064109717696e-14,,,1.33,6e-06,1.6
1000.0,9e-06,0,-6e-06,total,1.9329301546314523e-14,,,1.33,6e-06,1.6
1000.0,9.562499999999999e-06,0,-6e-06,total,3.861123243237451e-15,,,1.33,6e-06,1.6
1000.0,1.0124999999999999e-05,0,-6e-06,total,6.745844583542651e-16,,,1.33,6e-06,1.6
1000.0,1.0687499999999999e-05,0,-6e-06,total,1.0325658233454723e-16,,,1.33,6e-06,1.6
1000.0,1.1249999999999999e-05,0,-6e-06,total,1.3823195674469581e-17,,,1.33,6e-06,1.6
1000.0,1.1812499999999999e-05,0,-6e-06,total,1.6010618669023268e-18,,,1.33,6e-06,1.6
1000.0,1.2375e-05,0,-6e-06,total,1.58983023700483e-19,,,1.33,6e-06,1.6
1000.0,1.29375e-05,0,-6e-06,total,1.3254961130913243e-20,,,1.33,6e-06,1.6
1000.0,1.35e-05,0,-6e-06,total,8.408124594911889e-22,,,1.33,6e-06,1.6
1000.0,1.40625e-05,0,-6e-06,total,3.537901892898601e-23,,,1.33,6e-06,1.6
1000.0,1.4625e-05,0,-6e-06,total,-3.3361020387296095e-25,,,1.33,6e-06,1.6
1000.0,1.51875e-05,0,-6e-06,total,-2.403031476191295e-25,,,1.33,6e-06,1.6
1000.0,1.575e-05,0,-6e-06,total,-2.867880358314908e-26,,,1.33,6e-06,1.6
1000.0,1.63125e-05,0,-6e-06,total,-2.3834672760259346e-27,,,1.33,6e-06,1.6
1000.0,1.6875e-05,0,-6e-06,total,-1.5957321877650592e-28,,,1.33,6e-06,1.6
1000.0,1.74375e-05,0,-6e-06,total,-9.022452181411255e-30,,,1.33,6e-06,1.6
1000.0,1.8e-05,0,-6e-06,total,-4.399189180940367e-31,,,1.33,6e-06,1.6
80000.0,-1.8e-05,0,-6e-06,total,2.833172808362972e-30,,,1.33,6e-06,1.6
80000.0,-1.74375e-05,0,-6e-06,total,6.50639969845646e-29,,,1.33,6e-06,1.6
80000.0,-1.6875e-05,0,-6e-06,total,1.3298731077387113e-27,,,1.33,6e-06,1.6
80000.0,-1.63125e-05,0,-6e-06,total,2.415340200526355e-26,,,1.33,6e-06,1.6
80000.0,-1.575e-05,0,-6e-06,total,3.88694755191776e-25,,,1.33,6e-06,1.6
80000.0,-1.51875e-05,0,-6e-06,total,5.5334935832079774e-24,,,1.33,6e-06,1.6
80000.0,-1.4625e-05,0,-6e-06,total,6.950673541845357e-23,,,1.33,6e-06,1.6
80000.0,-1.40625e-05,0,-6e-06,total,7.689943046067057e-22,,,1.33,6e-06,1.6
80000.0,-1.35e-05,0,-6e-06,total,7.49373022074432e-21,,,1.33,6e-06,1.6
80000.0,-1.29375e-05,0,-6e-06,total,6.396259021511334e-20,,,1.33,6e-06,1.6
80000.0,-1.2375e-05,0,-6e-06,total,4.816918843585612e-19,,,1.33,6e-06,1.6
80000.0,-1.1812499999999999e-05,0,-6e-06,total,3.173793883028128e-18,,,1.33,6e-06,1.6
80000.0,-1.1249999999999999e-05,0,-6e-06,total,1.82245958161896e-17,,,1.33,6e-06,1.6
80000.0,-1.0687499999999999e-05,0,-6e-06,total,9.025242074819337e-17,,,1.33,6e-06,1.6
80000.0,-1.0124999999999999e-05,0,-6e-06,total,3.760091122424698e-16,,,1.33,6e-06,1.6
80000.0,-9.562499999999999e-06,0,-6e-06,total,1.2475691037625457e-15,,,1.33,6e-06,1.6
80000.0,-9e-06,0,-6e-06,total,2.7784491139582825e-15,,,1.33,6e-06,1.6
80000.0,-8.4375e-06,0,-6e-06,total,2.0429061774502597e-16,,,1.33,6e-06,1.6
80000.0,-7.875e-06,0,-6e-06,total,-3.511653327622683e-14,,,1.33,6e-06,1.6
80000.0,-7.3125e-06,0,-6e-06,total,-2.043610224388562e-13,,,1.33,6e-06,1.6
80000.0,-6.75e-06,0,-6e-06,total,-7.367636585502335e-13,,,1.33,6e-06,1.6
80000.0,-6.1875e-06,0,-6e-06,total,-1.8985536889154994e-12,,,1.33,6e-06,1.6
80000.0,-5.6249999999999995e-06,0,-6e-06,total,-3.5639044918303446e-12,,,1.33,6e-06,1.6
80000.0,-5.062499999999999e-06,0,-6e-06,total,-4.860246187378963e-12,,,1.33,6e-06,1.6
80000.0,-4.5e-06,0,-6e-06,total,-4.933119750278386e-12,,,1.33,6e-06,1.6
80000.0,-3.9375e-06,0,-6e-06,total,-4.0845754031306106e-12,,,1.33,6e-06,1.6
80000.0,-3.375e-06,0,-6e-06,total,-3.1282353216321775e-12,,,1.33,6e-06,1.6
80000.0,-2.8124999999999998e-06,0,-6e-06,total,-2.356815699263445e-12,,,1.33,6e-06,1.6
80000.0,-2.25e-06,0,-6e-06,total,-1.7384997291731257e-12,,,1.33,6e-06,1.6
80000.0,-1.6875e-06,0,-6e-06,total,-1.2220584651131396e-12,,,1.33,6e-06,1.6
80000.0,-1.125e-06,0,-6e-06,total,-7.761239625151463e-13,,,1.33,6e-06,1.6
80000.0,-5.625e-07,0,-6e-06,total,-3.764855725615289e-13,,,1.33,6e-06,1.6
80000.0,0.0,0,-6e-06,total,-1.0099851960902022e-21,,,1.33,6e-06,1.6
80000.0,5.625e-07,0,-6e-06,total,3.764855672816139e-13,,,1.33,6e-06,1.6
80000.0,1.125e-06,0,-6e-06,total,7.761239644706558e-13,,,1.33,6e-06,1.6
80000.0,1.6875e-06,0,-6e-06,total,1.2220584607421922e-12,,,1.33,6e-06,1.6
80000.0,2.25e-06,0,-6e-06,total,1.7384997274304087e-12,,,1.33,6e-06,1.6
80000.0,2.8124999999999998e-06,0,-6e-06,total,2.3568157018492745e-12,,,1.33,6e-06,1.6
80000.0,3.375e-06,0,-6e-06,total,3.1282353326200255e-12,,,1.33,6e-06,1.6
80000.0,3.9375e-06,0,-6e-06,total,4.084575398682179e-12,,,1.33,6e-06,1.6
80000.0,4.5e-06,0,-6e-06,total,4.9331197523085865e-12,,,1.33,6e-06,1.6
80000.0,5.062499999999999e-06,0,-6e-06,total,4.860246189362343e-12,,,1.33,6e-06,1.6
80000.0,5.6249999999999995e-06,0,-6e-06,total,3.56390449238871e-12,,,1.33,6e-06,1.6
80000.0,6.1875e-06,0,-6e-06,total,1.898553690815498e-12,,,1.33,6e-06,1.6
80000.0,6.75e-06,0,-6e-06,total,7.367636580436822e-13,,,1.33,6e-06,1.6
80000.0,7.3125e-06,0,-6e-06,total,2.043610196600263e-13,,,1.33,6e-06,1.6
80000.0,7.875e-06,0,-6e-06,total,3.5116533229061243e-14,,,1.33,6e-06,1.6
80000.0,8.4375e-06,0,-6e-06,total,-2.042911828350043e-16,,,1.33,6e-06,1.6
80000.0,9e-06,0,-6e-06,total,-2.778449139683656e-15,,,1.33,6e-06,1.6
80000.0,9.562499999999999e-06,0,-6e-06,total,-1.247569081370675e-15,,,1.33,6e-06,1.6
80000.0,1.0124999999999999e-05,0,-6e-06,total,-3.7600912387039726e-16,,,1.33,6e-06,1.6
80000.0,1.0687499999999999e-05,0,-6e-06,total,-9.025242070136513e-17,,,1.33,6e-06,1.6
80000.0,1.1249999999999999e-05,0,-6e-06,total,-1.822459539187391e-17,,,1.33,6e-06,1.6
80000.0,1.1812499999999999e-05,0,-6e-06,total,-3.1737941147437166e-18,,,1.33,6e-06,1.6
80000.0,1.2375e-05,0,-6e-06,total,-4.81691871015907e-19,,,1.33,6e-06,1.6
80000.0,1.29375e-05,0,-6e-06,total,-6.396258291005799e-20,,,1.33,6e-06,1.6
80000.0,1.35e-05,0,-6e-06,total,-7.493730015929525e-21,,,1.33,6e-06,1.6
80000.0,1.40625e-05,0,-6e-06,total,-7.689943360043356e-22,,,1.33,6e-06,1.6
80000.0,1.4625e-05,0,-6e-06,total,-6.950672981463342e-23,,,1.33,6e-06,1.6
80000.0,1.51875e-05,0,-6e-06,total,-5.533493558070706e-24,,,1.33,6e-06,1.6
80000.0,1.575e-05,0,-6e-06,total,-3.88694754931075e-25,,,1.33,6e-06,1.6
80000.0,1.63125e-05,0,-6e-06,total,-2.41534017213381e-26,,,1.33,6e-06,1.6
80000.0,1.6875e-05,0,-6e-06,total,-1.3298728514714307e-27,,,1.33,6e-06,1.6
80000.0,1.74375e-05,0,-6e-06,total,-6.506399681486624e-29,,,1.33,6e-06,1.6
80000.0,1.8e-05,0,-6e-06,total,-2.8331725925321124e-30,,,1.33,6e-06,1.6
500000.0,-1.8e-05,0,-6e-06,total,5.2250903134245866e-30,,,1.33,6e-06,1.6
500000.0,-1.74375e-05,0,-6e-06,total,1.223937288979548e-28,,,1.33,6e-06,1.6
500000.0,-1.6875e-05,0,-6e-06,total,2.5547383681708725e-27,,,1.33,6e-06,1.6
500000.0,-1.63125e-05,0,-6e-06,total,4.743205654467805e-26,,,1.33,6e-06,1.6
500000.0,-1.575e-05,0,-6e-06,total,7.818554188031577e-25,,,1.33,6e-06,1.6
500000.0,-1.51875e-05,0,-6e-06,total,1.1422698106184677e-23,,,1.33,6e-06,1.6
500000.0,-1.4625e-05,0,-6e-06,total,1.4772631800605985e-22,,,1.33,6e-06,1.6
500000.0,-1.40625e-05,0,-6e-06,total,1.6907605427114306e-21,,,1.33,6e-06,1.6
500000.0,-1.35e-05,0,-6e-06,total,1.71457626995271e-20,,,1.33,6e-06,1.6
500000.0,-1.29375e-05,0,-6e-06,total,1.5403981109839257e-19,,,1.33,6e-06,1.6
500000.0,-1.2375e-05,0,-6e-06,total,1.2321351551058457e-18,,,1.33,6e-06,1.6
500000.0,-1.1812499999999999e-05,0,-6e-06,total,8.778350871923477e-18,,,1.33,6e-06,1.6
500000.0,-1.1249999999999999e-05,0,-6e-06,total,5.57816669258395e-17,,,1.33,6e-06,1.6
500000.0,-1.0687499999999999e-05,0,-6e-06,total,3.1631305113028676e-16,,,1.33,6e-06,1.6
500000.0,-1.0124999999999999e-05,0,-6e-06,total,1.596740408335355e-15,,,1.33,6e-06,1.6
500000.0,-9.562499999999999e-06,0,-6e-06,total,7.140771377871317e-15,,,1.33,6e-06,1.6
500000.0,-9e-06,0,-6e-06,total,2.8050633854953376e-14,,,1.33,6e-06,1.6
500000.0,-8.4375e-06,0,-6e-06,total,9.55127568420238e-14,,,1.33,6e-06,1.6
500000.0,-7.875e-06,0,-6e-06,total,2.76442803948193e-13,,,1.33,6e-06,1.6
500000.0,-7.3125e-06,0,-6e-06,total,6.612031820271837e-13,,,1.33,6e-06,1.6
500000.0,-6.75e-06,0,-6e-06,total,1.2552009284980378e-12,,,1.33,6e-06,1.6
500000.0,-6.1875e-06,0,-6e-06,total,1.7834092282335865e-12,,,1.33,6e-06,1.6
500000.0,-5.6249999999999995e-06,0,-6e-06,total,1.735087639987745e-12,,,1.33,6e-06,1.6
500000.0,-5.062499999999999e-06,0,-6e-06,total,9.85667940417659e-13,,,1.33,6e-06,1.6
500000.0,-4.5e-06,0,-6e-06,total,1.7394412329607354e-13,,,1.33,6e-06,1.6
500000.0,-3.9375e-06,0,-6e-06,total,-1.7511711636122353e-13,,,1.33,6e-06,1.6
500000.0,-3.375e-06,0,-6e-06,total,-2.14337883467896e-13,,,1.33,6e-06,1.6
500000.0,-2.8124999999999998e-06,0,-6e-06,total,-1.761123930916827e-13,,,1.33,6e-06,1.6
500000.0,-2.25e-06,0,-6e-06,total,-1.255626362961787e-13,,,1.33,6e-06,1.6
500000.0,-1.6875e-06,0,-6e-06,total,-7.797074937499073e-14,,,1.33,6e-06,1.6
500000.0,-1.125e-06,0,-6e-06,total,-4.133485953288747e-14,,,1.33,6e-06,1.6
500000.0,-5.625e-07,0,-6e-06,total,-1.6895203433261722e-14,,,1.33,6e-06,1.6
500000.0,0.0,0,-6e-06,total,-1.342997383496022e-21,,,1.33,6e-06,1.6
500000.0,5.625e-07,0,-6e-06,total,1.6895196228483893e-14,,,1.33,6e-06,1.6
500000.0,1.125e-06,0,-6e-06,total,4.133485225426836e-14,,,1.33,6e-06,1.6
500000.0,1.6875e-06,0,-6e-06,total,7.797074353591337e-14,,,1.33,6e-06,1.6
500000.0,2.25e-06,0,-6e-06,total,1.2556263904777547e-13,,,1.33,6e-06,1.6
500000.0,2.8124999999999998e-06,0,-6e-06,total,1.7611239335965654e-13,,,1.33,6e-06,1.6
500000.0,3.375e-06,0,-6e-06,total,2.143378898137932e-13,,,1.33,6e-06,1.6
500000.0,3.9375e-06,0,-6e-06,total,1.7511711507124773e-13,,,1.33,6e-06,1.6
500000.0,4.5e-06,0,-6e-06,total,-1.739441273623386e-13,,,1.33,6e-06,1.6
500000.0,5.062499999999999e-06,0,-6e-06,total,-9.856679360565302e-13,,,1.33,6e-06,1.6
500000.0,5.6249999999999995e-06,0,-6e-06,total,-1.7350876332367185e-12,,,1.33,6e-06,1.6
500000.0,6.1875e-06,0,-6e-06,total,-1.7834092297300846e-12,,,1.33,6e-06,1.6
500000.0,6.75e-06,0,-6e-06,total,-1.2552009357635351e-12,,,1.33,6e-06,1.6
500000.0,7.3125e-06,0,-6e-06,total,-6.612031781552505e-13,,,1.33,6e-06,1.6
500000.0,7.875e-06,0,-6e-06,total,-2.7644280580947587e-13,,,1.33,6e-06,1.6
500000.0,8.4375e-06,0,-6e-06,total,-9.551275684561327e-14,,,1.33,6e-06,1.6
500000.0,9e-06,0,-6e-06,total,-2.8050633543856054e-14,,,1.33,6e-06,1.6
500000.0,9.562499999999999e-06,0,-6e-06,total,-7.140771231140653e-15,,,1.33,6e-06,1.6
500000.0,1.0124999999999999e-05,0,-6e-06,total,-1.5967403826438509e-15,,,1.33,6e-06,1.6
500000.0,1.0687499999999999e-05,0,-6e-06,total,-3.163130560983794e-16,,,1.33,6e-06,1.6
500000.0,1.1249999999999999e-05,0,-6e-06,total,-5.578945093647362e-17,,,1.33,6e-06,1.6
500000.0,1.1812499999999999e-05,0,-6e-06,total,-8.778350388158881e-18,,,1.33,6e-06,1.6
500000.0,1.2375e-05,0,-6e-06,total,-1.232135075342175e-18,,,1.33,6e-06,1.6
500000.0,1.29375e-05,0,-6e-06,total,-1.540397912769967e-19,,,1.33,6e-06,1.6
500000.0,1.35e-05,0,-6e-06,total,-1.714576238398162e-20,,,1.33,6e-06,1.6
500000.0,1.40625e-05,0,-6e-06,total,-1.6907606176697154e-21,,,1.33,6e-06,1.6
500000.0,1.4625e-05,0,-6e-06,total,-1.477263071417209e-22,,,1.33,6e-06,1.6
500000.0,1.51875e-05,0,-6e-06,total,-1.1422698052029963e-23,,,1.33,6e-06,1.6
500000.0,1.575e-05,0,-6e-06,total,-7.81855417514831e-25,,,1.33,6e-06,1.6
500000.0,1.63125e-05,0,-6e-06,total,-4.743205654685067e-26,,,1.33,6e-06,1.6
500000.0,1.6875e-05,0,-6e-06,total,-2.5547379768576746e-27,,,1.33,6e-06,1.6
500000.0,1.74375e-05,0,-6e-06,total,-1.2239372855489154e-28,,,1.33,6e-06,1.6
500000.0,1.8e-05,0,-6e-06,total,-5.2250899370399866e-30,,,1.33,6e-06,1.6
1000.0,-1.8e-05,0,2.4e-05,total,-3.1626902974447313e-15,,,1.33,6e-06,1.6
1000.0,-1.575e-05,0,2.4e-05,total,-2.322194142928003e-14,,,1.33,6e-06,1.6
1000.0,-1.35e-05,0,2.4e-05,total,-1.2154757218343107e-13,,,1.33,6e-06,1.6
1000.0,-1.1249999999999999e-05,0,2.4e-05,total,-4.525861714755157e-13,,,1.33,6e-06,1.6
1000.0,-9e-06,0,2.4e-05,total,-1.1917709969256472e-12,,,1.33,6e-06,1.6
1000.0,-6.75e-06,0,2.4e-05,total,-2.189451394094791e-12,,,1.33,6e-06,1.6
1000.0,-4.5e-06,0,2.4e-05,total,-2.7024465596843544e-12,,,1.33,6e-06,1.6
1000.0,-2.25e-06,0,2.4e-05,total,-1.92972318257572e-12,,,1.33,6e-06,1.6
1000.0,0.0,0,2.4e-05,total,-2.5533027952315852e-21,,,1.33,6e-06,1.6
1000.0,2.25e-06,0,2.4e-05,total,1.929723189567655e-12,,,1.33,6e-06,1.6
1000.0,4.5e-06,0,2.4e-05,total,2.702443934864074e-12,,,1.33,6e-06,1.6
1000.0,6.75e-06,0,2.4e-05,total,2.1894513886945543e-12,,,1.33,6e-06,1.6
1000.0,9e-06,0,2.4e-05,total,1.1917709987011569e-12,,,1.33,6e-06,1.6
1000.0,1.1249999999999999e-05,0,2.4e-05,total,4.525861738382701e-13,,,1.33,6e-06,1.6
1000.0,1.35e-05,0,2.4e-05,total,1.2154757400749518e-13,,,1.33,6e-06,1.6
1000.0,1.575e-05,0,2.4e-05,total,2.3221939769497487e-14,,,1.33,6e-06,1.6
1000.0,1.8e-05,0,2.4e-05,total,3.1626880296328607e-15,,,1.33,6e-06,1.6
80000.0,-1.8e-05,0,2.4e-05,total,-3.0841064343762147e-15,,,1.33,6e-06,1.6
80000.0,-1.575e-05,0,2.4e-05,total,-2.1915080201742965e-14,,,1.33,6e-06,1.6
80000.0,-1.35e-05,0,2.4e-05,total,-1.1030855829401271e-13,,,1.33,6e-06,1.6
80000.0,-1.1249999999999999e-05,0,2.4e-05,total,-3.925284510864307e-13,,,1.33,6e-06,1.6
80000.0,-9e-06,0,2.4e-05,total,-9.822823234941703e-13,,,1.33,6e-06,1.6
80000.0,-6.75e-06,0,2.4e-05,total,-1.7090013320967666e-12,,,1.33,6e-06,1.6
80000.0,-4.5e-06,0,2.4e-05,total,-2.0015524680782244e-12,,,1.33,6e-06,1.6
80000.0,-2.25e-06,0,2.4e-05,total,-1.3728029705887117e-12,,,1.33,6e-06,1.6
80000.0,0.0,0,2.4e-05,total,3.949811832693348e-21,,,1.33,6e-06,1.6
80000.0,2.25e-06,0,2.4e-05,total,1.3728029892708843e-12,,,1.33,6e-06,1.6
80000.0,4.5e-06,0,2.4e-05,total,2.001551537280796e-12,,,1.33,6e-06,1.6
80000.0,6.75e-06,0,2.4e-05,total,1.7090013252296331e-12,,,1.33,6e-06,1.6
80000.0,9e-06,0,2.4e-05,total,9.822823263581529e-13,,,1.33,6e-06,1.6
80000.0,1.1249999999999999e-05,0,2.4e-05,total,3.925284550173922e-13,,,1.33,6e-06,1.6
80000.0,1.35e-05,0,2.4e-05,total,1.1030855993245635e-13,,,1.33,6e-06,1.6
80000.0,1.575e-05,0,2.4e-05,total,2.1915079057910284e-14,,,1.33,6e-06,1.6
80000.0,1.8e-05,0,2.4e-05,total,3.0841079345968936e-15,,,1.33,6e-06,1.6
500000.0,-1.8e-05,0,2.4e-05,total,-3.02631618205375e-15,,,1.33,6e-06,1.6
500000.0,-1.575e-05,0,2.4e-05,total,-2.0505455420696457e-14,,,1.33,6e-06,1.6
500000.0,-1.35e-05,0,2.4e-05,total,-9.74422205647647e-14,,,1.33,6e-06,1.6
500000.0,-1.1249999999999999e-05,0,2.4e-05,total,-3.233127525465554e-13,,,1.33,6e-06,1.6
500000.0,-9e-06,0,2.4e-05,total,-7.430551421470528e-13,,,1.33,6e-06,1.6
500000.0,-6.75e-06,0,2.4e-05,total,-1.168038844606123e-12,,,1.33,6e-06,1.6
500000.0,-4.5e-06,0,2.4e-05,total,-1.2232680219324176e-12,,,1.33,6e-06,1.6
500000.0,-2.25e-06,0,2.4e-05,total,-7.606251701652907e-13,,,1.33,6e-06,1.6
500000.0,0.0,0,2.4e-05,total,1.0555260033614335e-20,,,1.33,6e-06,1.6
500000.0,2.25e-06,0,2.4e-05,total,7.606251978184467e-13,,,1.33,6e-06,1.6
500000.0,4.5e-06,0,2.4e-05,total,1.223268044399953e-12,,,1.33,6e-06,1.6
500000.0,6.75e-06,0,2.4e-05,total,1.1680381497190246e-12,,,1.33,6e-06,1.6
500000.0,9e-06,0,2.4e-05,total,7.430552291486954e-13,,,1.33,6e-06,1.6
500000.0,1.1249999999999999e-05,0,2.4e-05,total,3.233134641284748e-13,,,1.33,6e-06,1.6
500000.0,1.35e-05,0,2.4e-05,total,9.744218538166009e-14,,,1.33,6e-06,1.6
500000.0,1.575e-05,0,2.4e-05,total,2.050551771041673e-14,,,1.33,6e-06,1.6
500000.0,1.8e-05,0,2.4e-05,total,3.0263172785951424e-15,,,1.33,6e-06,1.6
1000.0,-1.8e-05,0,6e-06,total,-1.7913529904568194e-40,,,1.33,6e-06,1.6
1000.0,-1.575e-05,0,6e-06,total,-1.1394538743062373e-29,,,1.33,6e-06,1.6
1000.0,-1.35e-05,0,6e-06,total,-1.2712102736278364e-22,,,1.33,6e-06,1.6
1000.0,-1.1249999999999999e-05,0,6e-06,total,-9.224452682303612e-18,,,1.33,6e-06,1.6
1000.0,-9e-06,0,6e-06,total,-2.2259550119330223e-14,,,1.33,6e-06,1.6
1000.0,-6.75e-06,0,6e-06,total,-2.6390734455433487e-12,,,1.33,6e-06,1.6
1000.0,-4.5e-06,0,6e-06,total,-9.591354604409596e-12,,,1.33,6e-06,1.6
1000.0,-2.25e-06,0,6e-06,total,-3.9821385574721315e-12,,,1.33,6e-06,1.6
1000.0,0.0,0,6e-06,total,-6.589067127789313e-21,,,1.33,6e-06,1.6
1000.0,2.25e-06,0,6e-06,total,3.982138545978945e-12,,,1.33,6e-06,1.6
1000.0,4.5e-06,0,6e-06,total,9.591354600002573e-12,,,1.33,6e-06,1.6
1000.0,6.75e-06,0,6e-06,total,2.6390734454434234e-12,,,1.33,6e-06,1.6
1000.0,9e-06,0,6e-06,total,2.2259550340982217e-14,,,1.33,6e-06,1.6
1000.0,1.1249999999999999e-05,0,6e-06,total,9.224453111670059e-18,,,1.33,6e-06,1.6
1000.0,1.35e-05,0,6e-06,total,1.2713238041161279e-22,,,1.33,6e-06,1.6
1000.0,1.575e-05,0,6e-06,total,1.1394536299459673e-29,,,1.33,6e-06,1.6
1000.0,1.8e-05,0,6e-06,total,1.7913524263631693e-40,,,1.33,6e-06,1.6
80000.0,-1.8e-05,0,6e-06,total,-1.7042495727375811e-40,,,1.33,6e-06,1.6
80000.0,-1.575e-05,0,6e-06,total,-1.0387728813910723e-29,,,1.33,6e-06,1.6
80000.0,-1.35e-05,0,6e-06,total,-1.1299436765422318e-22,,,1.33,6e-06,1.6
80000.0,-1.1249999999999999e-05,0,6e-06,total,-7.954633470395237e-18,,,1.33,6e-06,1.6
80000.0,-9e-06,0,6e-06,total,-1.7721446191919714e-14,,,1.33,6e-06,1.6
80000.0,-6.75e-06,0,6e-06,total,-1.7873191166241919e-12,,,1.33,6e-06,1.6
80000.0,-4.5e-06,0,6e-06,total,-4.934257263801306e-12,,,1.33,6e-06,1.6
80000.0,-2.25e-06,0,6e-06,total,-1.6586935575260201e-12,,,1.33,6e-06,1.6
80000.0,0.0,0,6e-06,total,-1.3755193826326315e-20,,,1.33,6e-06,1.6
80000.0,2.25e-06,0,6e-06,total,1.6586935372908106e-12,,,1.33,6e-06,1.6
80000.0,4.5e-06,0,6e-06,total,4.934257267123755e-12,,,1.33,6e-06,1.6
80000.0,6.75e-06,0,6e-06,total,1.7873191170849222e-12,,,1.33,6e-06,1.6
80000.0,9e-06,0,6e-06,total,1.772144661575076e-14,,,1.33,6e-06,1.6
80000.0,1.1249999999999999e-05,0,6e-06,total,7.954633553075243e-18,,,1.33,6e-06,1.6
80000.0,1.35e-05,0,6e-06,total,1.1299324958749225e-22,,,1.33,6e-06,1.6
80000.0,1.575e-05,0,6e-06,total,1.0387726678211561e-29,,,1.33,6e-06,1.6
80000.0,1.8e-05,0,6e-06,total,1.7042490478902493e-40,,,1.33,6e-06,1.6
500000.0,-1.8e-05,0,6e-06,total,-1.7302098115398634e-40,,,1.33,6e-06,1.6
500000.0,-1.575e-05,0,6e-06,total,-1.0369660805343365e-29,,,1.33,6e-06,1.6
500000.0,-1.35e-05,0,6e-06,total,-1.0940846360693054e-22,,,1.33,6e-06,1.6
500000.0,-1.1249999999999999e-05,0,6e-06,total,-7.089284315669828e-18,,,1.33,6e-06,1.6
500000.0,-9e-06,0,6e-06,total,-1.3411641381823357e-14,,,1.33,6e-06,1.6
500000.0,-6.75e-06,0,6e-06,total,-8.717092013887945e-13,,,1.33,6e-06,1.6
500000.0,-4.5e-06,0,6e-06,total,-2.888182200516067e-13,,,1.33,6e-06,1.6
500000.0,-2.25e-06,0,6e-06,total,1.0102277804970124e-13,,,1.33,6e-06,1.6
500000.0,0.0,0,6e-06,total,-1.8032067460788092e-20,,,1.33,6e-06,1.6
500000.0,2.25e-06,0,6e-06,total,-1.01022804540839e-13,,,1.33,6e-06,1.6
500000.0,4.5e-06,0,6e-06,total,2.88818223596438e-13,,,1.33,6e-06,1.6
500000.0,6.75e-06,0,6e-06,total,8.717092007555902e-13,,,1.33,6e-06,1.6
500000.0,9e-06,0,6e-06,total,1.3411641622291369e-14,,,1.33,6e-06,1.6
500000.0,1.1249999999999999e-05,0,6e-06,total,7.089284711385156e-18,,,1.33,6e-06,1.6
500000.0,1.35e-05,0,6e-06,total,1.0940738215352462e-22,,,1.33,6e-06,1.6
500000.0,1.575e-05,0,6e-06,total,1.0369658672552498e-29,,,1.33,6e-06,1.6
500000.0,1.8e-05,0,6e-06,total,1.7302092644464801e-40,,,1.33,6e-06,1.6
1000.0,-1.8e-05,0,-1.2e-05,total,-9.206337917677296e-21,,,1.33,6e-06,1.6
1000.0,-1.575e-05,0,-1.2e-05,total,-3.2247598534118646e-18,,,1.33,6e-06,1.6
1000.0,-1.35e-05,0,-1.2e-05,total,-4.1621376742670863e-16,,,1.33,6e-06,1.6
1000.0,-1.1249999999999999e-05,0,-1.2e-05,total,-2.2015655486995795e-14,,,1.33,6e-06,1.6
1000.0,-9e-06,0,-1.2e-05,total,-4.609945546531396e-13,,,1.33,6e-06,1.6
1000.0,-6.75e-06,0,-1.2e-05,total,-3.3667410060497793e-12,,,1.33,6e-06,1.6
1000.0,-4.5e-06,0,-1.2e-05,total,-7.310530268828606e-12,,,1.33,6e-06,1.6
1000.0,-2.25e-06,0,-1.2e-05,total,-4.626790999323407e-12,,,1.33,6e-06,1.6
1000.0,0.0,0,-1.2e-05,total,3.328318053964008e-21,,,1.33,6e-06,1.6
1000.0,2.25e-06,0,-1.2e-05,total,4.6267910145774024e-12,,,1.33,6e-06,1.6
1000.0,4.5e-06,0,-1.2e-05,total,7.310530273083659e-12,,,1.33,6e-06,1.6
1000.0,6.75e-06,0,-1.2e-05,total,3.3667410128186592e-12,,,1.33,6e-06,1.6
1000.0,9e-06,0,-1.2e-05,total,4.609945516002339e-13,,,1.33,6e-06,1.6
1000.0,1.1249999999999999e-05,0,-1.2e-05,total,2.2015655619916226e-14,,,1.33,6e-06,1.6
1000.0,1.35e-05,0,-1.2e-05,total,4.162137734857759e-16,,,1.33,6e-06,1.6
1000.0,1.575e-05,0,-1.2e-05,total,3.2247602438044857e-18,,,1.33,6e-06,1.6
1000.0,1.8e-05,0,-1.2e-05,total,9.20633812959044e-21,,,1.33,6e-06,1.6
80000.0,-1.8e-05,0,-1.2e-05,total,4.021565687971085e-20,,,1.33,6e-06,1.6
80000.0,-1.575e-05,0,-1.2e-05,total,5.172161888697423e-18,,,1.33,6e-06,1.6
80000.0,-1.35e-05,0,-1.2e-05,total,2.6818575569451906e-16,,,1.33,6e-06,1.6
80000.0,-1.1249999999999999e-05,0,-1.2e-05,total,4.052060730156293e-15,,,1.33,6e-06,1.6
80000.0,-9e-06,0,-1.2e-05,total,-3.701885898632558e-14,,,1.33,6e-06,1.6
80000.0,-6.75e-06,0,-1.2e-05,total,-8.408749817280565e-13,,,1.33,6e-06,1.6
80000.0,-4.5e-06,0,-1.2e-05,total,-2.603769803792753e-12,,,1.33,6e-06,1.6
80000.0,-2.25e-06,0,-1.2e-05,total,-1.8016852333412546e-12,,,1.33,6e-06,1.6
80000.0,0.0,0,-1.2e-05,total,6.906144935200124e-21,,,1.33,6e-06,1.6
80000.0,2.25e-06,0,-1.2e-05,total,1.8016852491396428e-12,,,1.33,6e-06,1.6
80000.0,4.5e-06,0,-1.2e-05,total,2.603769811950355e-12,,,1.33,6e-06,1.6
80000.0,6.75e-06,0,-1.2e-05,total,8.408749871306635e-13,,,1.33,6e-06,1.6
80000.0,9e-06,0,-1.2e-05,total,3.7018856797735446e-14,,,1.33,6e-06,1.6
80000.0,1.1249999999999999e-05,0,-1.2e-05,total,-4.052060974703088e-15,,,1.33,6e-06,1.6
80000.0,1.35e-05,0,-1.2e-05,total,-2.6818576657679835e-16,,,1.33,6e-06,1.6
80000.0,1.575e-05,0,-1.2e-05,total,-5.172161490961079e-18,,,1.33,6e-06,1.6
80000.0,1.8e-05,0,-1.2e-05,total,-4.021565724262498e-20,,,1.33,6e-06,1.6
500000.0,-1.8e-05,0,-1.2e-05,total,9.557367053396186e-20,,,1.33,6e-06,1.6
500000.0,-1.575e-05,0,-1.2e-05,total,1.4572399935239325e-17,,,1.33,6e-06,1.6
500000.0,-1.35e-05,0,-1.2e-05,total,1.0254959415916134e-15,,,1.33,6e-06,1.6
500000.0,-1.1249999999999999e-05,0,-1.2e-05,total,3.2213250634232976e-14,,,1.33,6e-06,1.6
500000.0,-9e-06,0,-1.2e-05,total,4.0380618649825777e-13,,,1.33,6e-06,1.6
500000.0,-6.75e-06,0,-1.2e-05,total,1.6271648209306707e-12,,,1.33,6e-06,1.6
500000.0,-4.5e-06,0,-1.2e-05,total,1.5068447025871311e-12,,,1.33,6e-06,1.6
500000.0,-2.25e-06,0,-1.2e-05,total,2.508756180919861e-13,,,1.33,6e-06,1.6
500000.0,0.0,0,-1.2e-05,total,9.457481741019694e-21,,,1.33,6e-06,1.6
500000.0,2.25e-06,0,-1.2e-05,total,-2.50875627917113e-13,,,1.33,6e-06,1.6
500000.0,4.5e-06,0,-1.2e-05,total,-1.5068446934791682e-12,,,1.33,6e-06,1.6
500000.0,6.75e-06,0,-1.2e-05,total,-1.6271648417565784e-12,,,1.33,6e-06,1.6
500000.0,9e-06,0,-1.2e-05,total,-4.0380618484990905e-13,,,1.33,6e-06,1.6
500000.0,1.1249999999999999e-05,0,-1.2e-05,total,-3.22132507036023e-14,,,1.33,6e-06,1.6
500000.0,1.35e-05,0,-1.2e-05,total,-1.025495974554403e-15,,,1.33,6e-06,1.6
500000.0,1.575e-05,0,-1.2e-05,total,-1.4572398956369022e-17,,,1.33,6e-06,1.6
500000.0,1.8e-05,0,-1.2e-05,total,-9.557367152036711e-20,,,1.33,6e-06,1.6
1000.0,-1.74375e-05,0,2.4e-05,total,-5.374041280479967e-15,,,1.33,6e-06,1.6
1000.0,-1.6875e-05,0,2.4e-05,total,-8.940205150286289e-15,,,1.33,6e-06,1.6
1000.0,-1.63125e-05,0,2.4e-05,total,-1.456176780033422e-14,,,1.33,6e-06,1.6
1000.0,-1.51875e-05,0,2.4e-05,total,-3.6257891595458335e-14,,,1.33,6e-06,1.6
1000.0,-1.4625e-05,0,2.4e-05,total,-5.54268582915228e-14,,,1.33,6e-06,1.6
1000.0,-1.40625e-05,0,2.4e-05,total,-8.295458299179941e-14,,,1.33,6e-06,1.6
1000.0,-1.29375e-05,0,2.4e-05,total,-1.7434819851613323e-13,,,1.33,6e-06,1.6
1000.0,-1.2375e-05,0,2.4e-05,total,-2.44807239466263e-13,,,1.33,6e-06,1.6
1000.0,-1.1812499999999999e-05,0,2.4e-05,total,-3.3645998918496636e-13,,,1.33,6e-06,1.6
1000.0,-1.0687499999999999e-05,0,2.4e-05,total,-5.957732299115608e-13,,,1.33,6e-06,1.6
1000.0,-1.0124999999999999e-05,0,2.4e-05,total,-7.673757495371555e-13,,,1.33,6e-06,1.6
1000.0,-9.562499999999999e-06,0,2.4e-05,total,-9.669592489853096e-13,,,1.33,6e-06,1.6
1000.0,-8.4375e-06,0,2.4e-05,total,-1.4362980082888299e-12,,,1.33,6e-06,1.6
1000.0,-7.875e-06,0,2.4e-05,total,-1.6920760977446436e-12,,,1.33,6e-06,1.6
1000.0,-7.3125e-06,0,2.4e-05,total,-1.947745797336045e-12,,,1.33,6e-06,1.6
1000.0,-6.1875e-06,0,2.4e-05,total,-2.40160903959925e-12,,,1.33,6e-06,1.6
1000.0,-5.6249999999999995e-06,0,2.4e-05,total,-2.5679415583938166e-12,,,1.33,6e-06,1.6
1000.0,-5.062499999999999e-06,0,2.4e-05,total,-2.6727767997982007e-12,,,1.33,6e-06,1.6
1000.0,-3.9375e-06,0,2.4e-05,total,-2.646422219598869e-12,,,1.33,6e-06,1.6
1000.0,-3.375e-06,0,2.4e-05,total,-2.4986804553192074e-12,,,1.33,6e-06,1.6
1000.0,-2.8124999999999998e-06,0,2.4e-05,total,-2.258292119354083e-12,,,1.33,6e-06,1.6
1000.0,-1.6875e-06,0,2.4e-05,total,-1.5229710280537207e-12,,,1.33,6e-06,1.6
1000.0,-1.125e-06,0,2.4e-05,total,-1.0527599529756765e-12,,,1.33,6e-06,1.6
1000.0,-5.625e-07,0,2.4e-05,total,-5.378992310458087e-13,,,1.33,6e-06,1.6
1000.0,5.625e-07,0,2.4e-05,total,5.378992370494516e-13,,,1.33,6e-06,1.6
1000.0,1.125e-06,0,2.4e-05,total,1.0527599520919123e-12,,,1.33,6e-06,1.6
1000.0,1.6875e-06,0,2.4e-05,total,1.5229711267437769e-12,,,1.33,6e-06,1.6
1000.0,2.8124999999999998e-06,0,2.4e-05,total,2.2582921161172056e-12,,,1.33,6e-06,1.6
1000.0,3.375e-06,0,2.4e-05,total,2.498680452289599e-12,,,1.33,6e-06,1.6
1000.0,3.9375e-06,0,2.4e-05,total,2.6464377124891752e-12,,,1.33,6e-06,1.6
1000.0,5.062499999999999e-06,0,2.4e-05,total,2.672776788381913e-12,,,1.33,6e-06,1.6
1000.0,5.6249999999999995e-06,0,2.4e-05,total,2.5679415704532016e-12,,,1.33,6e-06,1.6
1000.0,6.1875e-06,0,2.4e-05,total,2.4016090394386373e-12,,,1.33,6e-06,1.6
1000.0,7.3125e-06,0,2.4e-05,total,1.9477458073550893e-12,,,1.33,6e-06,1.6
1000.0,7.875e-06,0,2.4e-05,total,1.6920760960191103e-12,,,1.33,6e-06,1.6
1000.0,8.4375e-06,0,2.4e-05,total,1.436298007428253e-12,,,1.33,6e-06,1.6
1000.0,9.562499999999999e-06,0,2.4e-05,total,9.66959252658038e-13,,,1.33,6e-06,1.6
1000.0,1.0124999999999999e-05,0,2.4e-05,total,7.6737574664191e-13,,,1.33,6e-06,1.6
1000.0,1.0687499999999999e-05,0,2.4e-05,total,5.957732284379059e-13,,,1.33,6e-06,1.6
1000.0,1.1812499999999999e-05,0,2.4e-05,total,3.364599915410723e-13,,,1.33,6e-06,1.6
1000.0,1.2375e-05,0,2.4e-05,total,2.448072411631883e-13,,,1.33,6e-06,1.6
1000.0,1.29375e-05,0,2.4e-05,total,1.7434820045416616e-13,,,1.33,6e-06,1.6
1000.0,1.40625e-05,0,2.4e-05,total,8.29545835727128e-14,,,1.33,6e-06,1.6
1000.0,1.4625e-05,0,2.4e-05,total,5.542685727073734e-14,,,1.33,6e-06,1.6
1000.0,1.51875e-05,0,2.4e-05,total,3.625789050971175e-14,,,1.33,6e-06,1.6
1000.0,1.63125e-05,0,2.4e-05,total,1.4561767706031568e-14,,,1.33,6e-06,1.6
1000.0,1.6875e-05,0,2.4e-05,total,8.940136666725725e-15,,,1.33,6e-06,1.6
1000.0,1.74375e-05,0,2.4e-05,total,5.374030526532028e-15,,,1.33,6e-06,1.6
80000.0,-1.74375e-05,0,2.4e-05,total,-5.200843484593933e-15,,,1.33,6e-06,1.6
80000.0,-1.6875e-05,0,2.4e-05,total,-8.583251686696588e-15,,,1.33,6e-06,1.6
80000.0,-1.63125e-05,0,2.4e-05,total,-1.386350876380448e-14,,,1.33,6e-06,1.6
80000.0,-1.51875e-05,0,2.4e-05,total,-3.3904729196793407e-14,,,1.33,6e-06,1.6
80000.0,-1.4625e-05,0,2.4e-05,total,-5.133551439892426e-14,,,1.33,6e-06,1.6
80000.0,-1.40625e-05,0,2.4e-05,total,-7.606872499647892e-14,,,1.33,6e-06,1.6
80000.0,-1.29375e-05,0,2.4e-05,total,-1.5653308167069611e-13,,,1.33,6e-06,1.6
80000.0,-1.2375e-05,0,2.4e-05,total,-2.1735559510204547e-13,,,1.33,6e-06,1.6
80000.0,-1.1812499999999999e-05,0,2.4e-05,total,-2.9530534526969514e-13,,,1.33,6e-06,1.6
80000.0,-1.0687499999999999e-05,0,2.4e-05,total,-5.104194974288832e-13,,,1.33,6e-06,1.6
80000.0,-1.0124999999999999e-05,0,2.4e-05,total,-6.492082305771962e-13,,,1.33,6e-06,1.6
80000.0,-9.562499999999999e-06,0,2.4e-05,total,-8.075646044927159e-13,,,1.33,6e-06,1.6
80000.0,-8.4375e-06,0,2.4e-05,total,-1.1680484541499998e-12,,,1.33,6e-06,1.6
80000.0,-7.875e-06,0,2.4e-05,total,-1.3574785838461193e-12,,,1.33,6e-06,1.6
80000.0,-7.3125e-06,0,2.4e-05,total,-1.5413252997795753e-12,,,1.33,6e-06,1.6
80000.0,-6.1875e-06,0,2.4e-05,total,-1.849242295401992e-12,,,1.33,6e-06,1.6
80000.0,-5.6249999999999995e-06,0,2.4e-05,total,-1.9510122362948405e-12,,,1.33,6e-06,1.6
80000.0,-5.062499999999999e-06,0,2.4e-05,total,-2.004402799137183e-12,,,1.33,6e-06,1.6
80000.0,-3.9375e-06,0,2.4e-05,total,-1.9372226275412673e-12,,,1.33,6e-06,1.6
80000.0,-3.375e-06,0,2.4e-05,total,-1.8094886315404151e-12,,,1.33,6e-06,1.6
80000.0,-2.8124999999999998e-06,0,2.4e-05,total,-1.6197819268537112e-12,,,1.33,6e-06,1.6
80000.0,-1.6875e-06,0,2.4e-05,total,-1.0762801337442244e-12,,,1.33,6e-06,1.6
80000.0,-1.125e-06,0,2.4e-05,total,-7.403766854639978e-13,,,1.33,6e-06,1.6
80000.0,-5.625e-07,0,2.4e-05,total,-3.7717069087693854e-13,,,1.33,6e-06,1.6
80000.0,5.625e-07,0,2.4e-05,total,3.771706968976114e-13,,,1.33,6e-06,1.6
80000.0,1.125e-06,0,2.4e-05,total,7.403766943982439e-13,,,1.33,6e-06,1.6
80000.0,1.6875e-06,0,2.4e-05,total,1.0762801343874371e-12,,,1.33,6e-06,1.6
80000.0,2.8124999999999998e-06,0,2.4e-05,total,1.6197819180244456e-12,,,1.33,6e-06,1.6
80000.0,3.375e-06,0,2.4e-05,total,1.809488605264147e-12,,,1.33,6e-06,1.6
80000.0,3.9375e-06,0,2.4e-05,total,1.9372361368727864e-12,,,1.33,6e-06,1.6
80000.0,5.062499999999999e-06,0,2.4e-05,total,2.004402802861353e-12,,,1.33,6e-06,1.6
80000.0,5.6249999999999995e-06,0,2.4e-05,total,1.951012256964006e-12,,,1.33,6e-06,1.6
80000.0,6.1875e-06,0,2.4e-05,total,1.8492423073961208e-12,,,1.33,6e-06,1.6
80000.0,7.3125e-06,0,2.4e-05,total,1.541325313462224e-12,,,1.33,6e-06,1.6
80000.0,7.875e-06,0,2.4e-05,total,1.3574785822630824e-12,,,1.33,6e-06,1.6
80000.0,8.4375e-06,0,2.4e-05,total,1.1680484484392495e-12,,,1.33,6e-06,1.6
80000.0,9.562499999999999e-06,0,2.4e-05,total,8.075646065228962e-13,,,1.33,6e-06,1.6
80000.0,1.0124999999999999e-05,0,2.4e-05,total,6.492082323848452e-13,,,1.33,6e-06,1.6
80000.0,1.0687499999999999e-05,0,2.4e-05,total,5.104194979108773e-13,,,1.33,6e-06,1.6
80000.0,1.1812499999999999e-05,0,2.4e-05,total,2.953053461663561e-13,,,1.33,6e-06,1.6
80000.0,1.2375e-05,0,2.4e-05,total,2.173555966224628e-13,,,1.33,6e-06,1.6
80000.0,1.29375e-05,0,2.4e-05,total,1.565330838263077e-13,,,1.33,6e-06,1.6
80000.0,1.40625e-05,0,2.4e-05,total,7.60687248537649e-14,,,1.33,6e-06,1.6
80000.0,1.4625e-05,0,2.4e-05,total,5.13355137198285e-14,,,1.33,6e-06,1.6
80000.0,1.51875e-05,0,2.4e-05,total,3.3904728467763335e-14,,,1.33,6e-06,1.6
80000.0,1.63125e-05,0,2.4e-05,total,1.3863511648960254e-14,,,1.33,6e-06,1.6
80000.0,1.6875e-05,0,2.4e-05,total,8.583249485610395e-15,,,1.33,6e-06,1.6
80000.0,1.74375e-05,0,2.4e-05,total,5.200804416942021e-15,,,1.33,6e-06,1.6
500000.0,-1.74375e-05,0,2.4e-05,total,-5.0472073292357885e-15,,,1.33,6e-06,1.6
500000.0,-1.6875e-05,0,2.4e-05,total,-8.23364210831372e-15,,,1.33,6e-06,1.6
500000.0,-1.63125e-05,0,2.4e-05,total,-1.3138150311775093e-14,,,1.33,6e-06,1.6
500000.0,-1.51875e-05,0,2.4e-05,total,-3.1302686214979805e-14,,,1.33,6e-06,1.6
500000.0,-1.4625e-05,0,2.4e-05,total,-4.6736065424261127e-14,,,1.33,6e-06,1.6
500000.0,-1.40625e-05,0,2.4e-05,total,-6.824195406939487e-14,,,1.33,6e-06,1.6
500000.0,-1.29375e-05,0,2.4e-05,total,-1.3605047763817653e-13,,,1.33,6e-06,1.6
500000.0,-1.2375e-05,0,2.4e-05,total,-1.857230099155363e-13,,,1.33,6e-06,1.6
500000.0,-1.1812499999999999e-05,0,2.4e-05,total,-2.4785238859564713e-13,,,1.33,6e-06,1.6
500000.0,-1.0687499999999999e-05,0,2.4e-05,total,-4.1218663575401627e-13,,,1.33,6e-06,1.6
500000.0,-1.0124999999999999e-05,0,2.4e-05,total,-5.134998310061854e-13,,,1.33,6e-06,1.6
500000.0,-9.562499999999999e-06,0,2.4e-05,total,-6.249955356355288e-13,,,1.33,6e-06,1.6
500000.0,-8.4375e-06,0,2.4e-05,total,-8.627256932933755e-13,,,1.33,6e-06,1.6
500000.0,-7.875e-06,0,2.4e-05,total,-9.779747897169976e-13,,,1.33,6e-06,1.6
500000.0,-7.3125e-06,0,2.4e-05,total,-1.0820404767248727e-12,,,1.33,6e-06,1.6
500000.0,-6.1875e-06,0,2.4e-05,total,-1.229582426260901e-12,,,1.33,6e-06,1.6
500000.0,-5.6249999999999995e-06,0,2.4e-05,total,-1.2613873389171916e-12,,,1.33,6e-06,1.6
500000.0,-5.062499999999999e-06,0,2.4e-05,total,-1.259831427721486e-12,,,1.33,6e-06,1.6
500000.0,-3.9375e-06,0,2.4e-05,total,-1.152084339765569e-12,,,1.33,6e-06,1.6
500000.0,-3.375e-06,0,2.4e-05,total,-1.0485782760668859e-12,,,1.33,6e-06,1.6
500000.0,-2.8124999999999998e-06,0,2.4e-05,total,-9.16516453451606e-13,,,1.33,6e-06,1.6
500000.0,-1.6875e-06,0,2.4e-05,total,-5.860598491590528e-13,,,1.33,6e-06,1.6
500000.0,-1.125e-06,0,2.4e-05,total,-3.9793566989249015e-13,,,1.33,6e-06,1.6
500000.0,-5.625e-07,0,2.4e-05,total,-2.010892727085248e-13,,,1.33,6e-06,1.6
500000.0,5.625e-07,0,2.4e-05,total,2.010892764619988e-13,,,1.33,6e-06,1.6
500000.0,1.125e-06,0,2.4e-05,total,3.9793568586722166e-13,,,1.33,6e-06,1.6
500000.0,1.6875e-06,0,2.4e-05,total,5.860598489926249e-13,,,1.33,6e-06,1.6
500000.0,2.8124999999999998e-06,0,2.4e-05,total,9.165213759122712e-13,,,1.33,6e-06,1.6
500000.0,3.375e-06,0,2.4e-05,total,1.048579913295493e-12,,,1.33,6e-06,1.6
500000.0,3.9375e-06,0,2.4e-05,total,1.1520843711434091e-12,,,1.33,6e-06,1.6
500000.0,5.062499999999999e-06,0,2.4e-05,total,1.2598314054220299e-12,,,1.33,6e-06,1.6
500000.0,5.6249999999999995e-06,0,2.4e-05,total,1.2613833288789624e-12,,,1.33,6e-06,1.6
500000.0,6.1875e-06,0,2.4e-05,total,1.2295811727448332e-12,,,1.33,6e-06,1.6
500000.0,7.3125e-06,0,2.4e-05,total,1.0820405001355643e-12,,,1.33,6e-06,1.6
500000.0,7.875e-06,0,2.4e-05,total,9.779747829668702e-13,,,1.33,6e-06,1.6
500000.0,8.4375e-06,0,2.4e-05,total,8.627256874156823e-13,,,1.33,6e-06,1.6
500000.0,9.562499999999999e-06,0,2.4e-05,total,6.249970369476005e-13,,,1.33,6e-06,1.6
500000.0,1.0124999999999999e-05,0,2.4e-05,total,5.135002018317648e-13,,,1.33,6e-06,1.6
500000.0,1.0687499999999999e-05,0,2.4e-05,total,4.121866148684753e-13,,,1.33,6e-06,1.6
500000.0,1.1812499999999999e-05,0,2.4e-05,total,2.4785204441891605e-13,,,1.33,6e-06,1.6
500000.0,1.2375e-05,0,2.4e-05,total,1.8572295550320783e-13,,,1.33,6e-06,1.6
500000.0,1.29375e-05,0,2.4e-05,total,1.3605036869111253e-13,,,1.33,6e-06,1.6
500000.0,1.40625e-05,0,2.4e-05,total,6.824193762569295e-14,,,1.33,6e-06,1.6
500000.0,1.4625e-05,0,2.4e-05,total,4.673606058677702e-14,,,1.33,6e-06,1.6
500000.0,1.51875e-05,0,2.4e-05,total,3.1302738253332155e-14,,,1.33,6e-06,1.6
500000.0,1.63125e-05,0,2.4e-05,total,1.3138144389110322e-14,,,1.33,6e-06,1.6
500000.0,1.6875e-05,0,2.4e-05,total,8.233641077591067e-15,,,1.33,6e-06,1.6
500000.0,1.74375e-05,0,2.4e-05,total,5.047205362950593e-15,,,1.33,6e-06,1.6
1000.0,-1.74375e-05,0,6e-06,total,-2.524431278748051e-37,,,1.33,6e-06,1.6
1000.0,-1.6875e-05,0,6e-06,total,-1.7749104435670582e-34,,,1.33,6e-06,1.6
1000.0,-1.63125e-05,0,6e-06,total,-6.15966984679361e-32,,,1.33,6e-06,1.6
1000.0,-1.51875e-05,0,6e-06,total,-1.278019449065294e-27,,,1.33,6e-06,1.6
1000.0,-1.4625e-05,0,6e-06,total,-9.335049363071329e-26,,,1.33,6e-06,1.6
1000.0,-1.40625e-05,0,6e-06,total,-4.244955622881067e-24,,,1.33,6e-06,1.6
1000.0,-1.29375e-05,0,6e-06,total,-3.217211793231933e-21,,,1.33,6e-06,1.6
1000.0,-1.2375e-05,0,6e-06,total,-5.715621932138507e-20,,,1.33,6e-06,1.6
1000.0,-1.1812499999999999e-05,0,6e-06,total,-8.069767606019857e-19,,,1.33,6e-06,1.6
1000.0,-1.0687499999999999e-05,0,6e-06,total,-8.577211241961387e-17,,,1.33,6e-06,1.6
1000.0,-1.0124999999999999e-05,0,6e-06,total,-6.580708382005739e-16,,,1.33,6e-06,1.6
1000.0,-9.562499999999999e-06,0,6e-06,total,-4.193582298319849e-15,,,1.33,6e-06,1.6
1000.0,-8.4375e-06,0,6e-06,total,-9.832301959256212e-14,,,1.33,6e-06,1.6
1000.0,-7.875e-06,0,6e-06,total,-3.5975111558469463e-13,,,1.33,6e-06,1.6
1000.0,-7.3125e-06,0,6e-06,total,-1.081320336695125e-12,,,1.33,6e-06,1.6
1000.0,-6.1875e-06,0,6e-06,total,-5.157117154522447e-12,,,1.33,6e-06,1.6
1000.0,-5.6249999999999995e-06,0,6e-06,total,-7.967733296966424e-12,,,1.33,6e-06,1.6
1000.0,-5.062499999999999e-06,0,6e-06,total,-9.712919090756321e-12,,,1.33,6e-06,1.6
1000.0,-3.9375e-06,0,6e-06,total,-8.213769760150385e-12,,,1.33,6e-06,1.6
1000.0,-3.375e-06,0,6e-06,total,-6.61563491197597e-12,,,1.33,6e-06,1.6
1000.0,-2.8124999999999998e-06,0,6e-06,total,-5.205611665751062e-12,,,1.33,6e-06,1.6
1000.0,-1.6875e-06,0,6e-06,total,-2.8889915616075843e-12,,,1.33,6e-06,1.6
1000.0,-1.125e-06,0,6e-06,total,-1.8823242000777206e-12,,,1.33,6e-06,1.6
1000.0,-5.625e-07,0,6e-06,total,-9.285780477832567e-13,,,1.33,6e-06,1.6
1000.0,5.625e-07,0,6e-06,total,9.285780545535898e-13,,,1.33,6e-06,1.6
1000.0,1.125e-06,0,6e-06,total,1.8823241949391398e-12,,,1.33,6e-06,1.6
1000.0,1.6875e-06,0,6e-06,total,2.8889915638910725e-12,,,1.33,6e-06,1.6
1000.0,2.8124999999999998e-06,0,6e-06,total,5.205611650360549e-12,,,1.33,6e-06,1.6
1000.0,3.375e-06,0,6e-06,total,6.61563638177511e-12,,,1.33,6e-06,1.6
1000.0,3.9375e-06,0,6e-06,total,8.213769763259736e-12,,,1.33,6e-06,1.6
1000.0,5.062499999999999e-06,0,6e-06,total,9.712919102982357e-12,,,1.33,6e-06,1.6
1000.0,5.6249999999999995e-06,0,6e-06,total,7.967733298662164e-12,,,1.33,6e-06,1.6
1000.0,6.1875e-06,0,6e-06,total,5.157117154450887e-12,,,1.33,6e-06,1.6
1000.0,7.3125e-06,0,6e-06,total,1.0813203329147958e-12,,,1.33,6e-06,1.6
1000.0,7.875e-06,0,6e-06,total,3.597511158533506e-13,,,1.33,6e-06,1.6
1000.0,8.4375e-06,0,6e-06,total,9.83230211140117e-14,,,1.33,6e-06,1.6
1000.0,9.562499999999999e-06,0,6e-06,total,4.193582196327912e-15,,,1.33,6e-06,1.6
1000.0,1.0124999999999999e-05,0,6e-06,total,6.580708921832844e-16,,,1.33,6e-06,1.6
1000.0,1.0687499999999999e-05,0,6e-06,total,8.577211530810375e-17,,,1.33,6e-06,1.6
1000.0,1.1812499999999999e-05,0,6e-06,total,8.069767473438553e-19,,,1.33,6e-06,1.6
1000.0,1.2375e-05,0,6e-06,total,5.715617461270805e-20,,,1.33,6e-06,1.6
1000.0,1.29375e-05,0,6e-06,total,3.217284054982236e-21,,,1.33,6e-06,1.6
1000.0,1.40625e-05,0,6e-06,total,4.245246736926344e-24,,,1.33,6e-06,1.6
1000.0,1.4625e-05,0,6e-06,total,9.331821884400624e-26,,,1.33,6e-06,1.6
1000.0,1.51875e-05,0,6e-06,total,1.2780196592317324e-27,,,1.33,6e-06,1.6
1000.0,1.63125e-05,0,6e-06,total,6.159669398764487e-32,,,1.33,6e-06,1.6
1000.0,1.6875e-05,0,6e-06,total,1.7749115105206762e-34,,,1.33,6e-06,1.6
1000.0,1.74375e-05,0,6e-06,total,2.524440936042041e-37,,,1.33,6e-06,1.6
80000.0,-1.74375e-05,0,6e-06,total,-2.382043999010522e-37,,,1.33,6e-06,1.6
80000.0,-1.6875e-05,0,6e-06,total,-1.65832838209447e-34,,,1.33,6e-06,1.6
80000.0,-1.63125e-05,0,6e-06,total,-5.681757882107334e-32,,,1.33,6e-06,1.6
80000.0,-1.51875e-05,0,6e-06,total,-1.1529582899178296e-27,,,1.33,6e-06,1.6
80000.0,-1.4625e-05,0,6e-06,total,-8.35976332604602e-26,,,1.33,6e-06,1.6
80000.0,-1.40625e-05,0,6e-06,total,-3.8021952867624115e-24,,,1.33,6e-06,1.6
80000.0,-1.29375e-05,0,6e-06,total,-2.8211426143079686e-21,,,1.33,6e-06,1.6
80000.0,-1.2375e-05,0,6e-06,total,-5.0239192273163645e-20,,,1.33,6e-06,1.6
80000.0,-1.1812499999999999e-05,0,6e-06,total,-6.998558472558945e-19,,,1.33,6e-06,1.6
80000.0,-1.0687499999999999e-05,0,6e-06,total,-7.2730383377557e-17,,,1.33,6e-06,1.6
80000.0,-1.0124999999999999e-05,0,6e-06,total,-5.487374099218063e-16,,,1.33,6e-06,1.6
80000.0,-9.562499999999999e-06,0,6e-06,total,-3.42474649443381e-15,,,1.33,6e-06,1.6
80000.0,-8.4375e-06,0,6e-06,total,-7.591170792822142e-14,,,1.33,6e-06,1.6
80000.0,-7.875e-06,0,6e-06,total,-2.6776331584423957e-13,,,1.33,6e-06,1.6
80000.0,-7.3125e-06,0,6e-06,total,-7.706850250931614e-13,,,1.33,6e-06,1.6
80000.0,-6.1875e-06,0,6e-06,total,-3.2906879973198117e-12,,,1.33,6e-06,1.6
80000.0,-5.6249999999999995e-06,0,6e-06,total,-4.749212969358062e-12,,,1.33,6e-06,1.6
80000.0,-5.062499999999999e-06,0,6e-06,total,-5.3756355530938414e-12,,,1.33,6e-06,1.6
80000.0,-3.9375e-06,0,6e-06,total,-3.964466412651103e-12,,,1.33,6e-06,1.6
80000.0,-3.375e-06,0,6e-06,total,-3.0232160033001467e-12,,,1.33,6e-06,1.6
80000.0,-2.8124999999999998e-06,0,6e-06,total,-2.264168284727208e-12,,,1.33,6e-06,1.6
80000.0,-1.6875e-06,0,6e-06,total,-1.161630666617372e-12,,,1.33,6e-06,1.6
80000.0,-1.125e-06,0,6e-06,total,-7.373718799561864e-13,,,1.33,6e-06,1.6
80000.0,-5.625e-07,0,6e-06,total,-3.5797867171158336e-13,,,1.33,6e-06,1.6
80000.0,5.625e-07,0,6e-06,total,3.5797869163236246e-13,,,1.33,6e-06,1.6
80000.0,1.125e-06,0,6e-06,total,7.373718678780741e-13,,,1.33,6e-06,1.6
80000.0,1.6875e-06,0,6e-06,total,1.1616307106971491e-12,,,1.33,6e-06,1.6
80000.0,2.8124999999999998e-06,0,6e-06,total,2.264168243557644e-12,,,1.33,6e-06,1.6
80000.0,3.375e-06,0,6e-06,total,3.023215994053398e-12,,,1.33,6e-06,1.6
80000.0,3.9375e-06,0,6e-06,total,3.964466408495423e-12,,,1.33,6e-06,1.6
80000.0,5.062499999999999e-06,0,6e-06,total,5.375635564166158e-12,,,1.33,6e-06,1.6
80000.0,5.6249999999999995e-06,0,6e-06,total,4.749212971253268e-12,,,1.33,6e-06,1.6
80000.0,6.1875e-06,0,6e-06,total,3.2906879970214616e-12,,,1.33,6e-06,1.6
80000.0,7.3125e-06,0,6e-06,total,7.706850232775129e-13,,,1.33,6e-06,1.6
80000.0,7.875e-06,0,6e-06,total,2.677633160942088e-13,,,1.33,6e-06,1.6
80000.0,8.4375e-06,0,6e-06,total,7.591170868202374e-14,,,1.33,6e-06,1.6
80000.0,9.562499999999999e-06,0,6e-06,total,3.4247464415519215e-15,,,1.33,6e-06,1.6
80000.0,1.0124999999999999e-05,0,6e-06,total,5.487374078784425e-16,,,1.33,6e-06,1.6
80000.0,1.0687499999999999e-05,0,6e-06,total,7.273038458035602e-17,,,1.33,6e-06,1.6
80000.0,1.1812499999999999e-05,0,6e-06,total,6.99855832043132e-19,,,1.33,6e-06,1.6
80000.0,1.2375e-05,0,6e-06,total,5.0239168175307526e-20,,,1.33,6e-06,1.6
80000.0,1.29375e-05,0,6e-06,total,2.8212184221250715e-21,,,1.33,6e-06,1.6
80000.0,1.40625e-05,0,6e-06,total,3.8024362677865415e-24,,,1.33,6e-06,1.6
80000.0,1.4625e-05,0,6e-06,total,8.356958640549452e-26,,,1.33,6e-06,1.6
80000.0,1.51875e-05,0,6e-06,total,1.1529584726444877e-27,,,1.33,6e-06,1.6
80000.0,1.63125e-05,0,6e-06,total,5.681757550004689e-32,,,1.33,6e-06,1.6
80000.0,1.6875e-05,0,6e-06,total,1.6583294349960901e-34,,,1.33,6e-06,1.6
80000.0,1.74375e-05,0,6e-06,total,2.3820532770652412e-37,,,1.33,6e-06,1.6
500000.0,-1.74375e-05,0,6e-06,total,-2.4119947642210026e-37,,,1.33,6e-06,1.6
500000.0,-1.6875e-05,0,6e-06,total,-1.6719828887870494e-34,,,1.33,6e-06,1.6
500000.0,-1.63125e-05,0,6e-06,total,-5.699641722074491e-32,,,1.33,6e-06,1.6
500000.0,-1.51875e-05,0,6e-06,total,-1.1419325960538614e-27,,,1.33,6e-06,1.6
500000.0,-1.4625e-05,0,6e-06,total,-8.183072187760471e-26,,,1.33,6e-06,1.6
500000.0,-1.40625e-05,0,6e-06,total,-3.697856321735166e-24,,,1.33,6e-06,1.6
500000.0,-1.29375e-05,0,6e-06,total,-2.6690436575649043e-21,,,1.33,6e-06,1.6
500000.0,-1.2375e-05,0,6e-06,total,-4.702763227377225e-20,,,1.33,6e-06,1.6
500000.0,-1.1812499999999999e-05,0,6e-06,total,-6.387032239717869e-19,,,1.33,6e-06,1.6
500000.0,-1.0687499999999999e-05,0,6e-06,total,-6.314490624815365e-17,,,1.33,6e-06,1.6
500000.0,-1.0124999999999999e-05,0,6e-06,total,-4.593401988725419e-16,,,1.33,6e-06,1.6
500000.0,-9.562499999999999e-06,0,6e-06,total,-2.740633216125927e-15,,,1.33,6e-06,1.6
500000.0,-8.4375e-06,0,6e-06,total,-5.355841659184608e-14,,,1.33,6e-06,1.6
500000.0,-7.875e-06,0,6e-06,total,-1.7268171390790132e-13,,,1.33,6e-06,1.6
500000.0,-7.3125e-06,0,6e-06,total,-4.416003043900777e-13,,,1.33,6e-06,1.6
500000.0,-6.1875e-06,0,6e-06,total,-1.2750160345518805e-12,,,1.33,6e-06,1.6
500000.0,-5.6249999999999995e-06,0,6e-06,total,-1.2992543250200523e-12,,,1.33,6e-06,1.6
500000.0,-5.062499999999999e-06,0,6e-06,total,-8.382010572701366e-13,,,1.33,6e-06,1.6
500000.0,-3.9375e-06,0,6e-06,total,-1.7886225066896166e-14,,,1.33,6e-06,1.6
500000.0,-3.375e-06,0,6e-06,total,5.831015672101776e-14,,,1.33,6e-06,1.6
500000.0,-2.8124999999999998e-06,0,6e-06,total,8.941278205290067e-14,,,1.33,6e-06,1.6
500000.0,-1.6875e-06,0,6e-06,total,9.382603628065285e-14,,,1.33,6e-06,1.6
500000.0,-1.125e-06,0,6e-06,total,7.131123620490777e-14,,,1.33,6e-06,1.6
500000.0,-5.625e-07,0,6e-06,total,3.83018019231018e-14,,,1.33,6e-06,1.6
500000.0,5.625e-07,0,6e-06,total,-3.830178978514807e-14,,,1.33,6e-06,1.6
500000.0,1.125e-06,0,6e-06,total,-7.131124987765445e-14,,,1.33,6e-06,1.6
500000.0,1.6875e-06,0,6e-06,total,-9.382598805992671e-14,,,1.33,6e-06,1.6
500000.0,2.8124999999999998e-06,0,6e-06,total,-8.94127566789826e-14,,,1.33,6e-06,1.6
500000.0,3.375e-06,0,6e-06,total,-5.831014746939828e-14,,,1.33,6e-06,1.6
500000.0,3.9375e-06,0,6e-06,total,1.7886250162528122e-14,,,1.33,6e-06,1.6
500000.0,5.062499999999999e-06,0,6e-06,total,8.38201060366666e-13,,,1.33,6e-06,1.6
500000.0,5.6249999999999995e-06,0,6e-06,total,1.2992543238084445e-12,,,1.33,6e-06,1.6
500000.0,6.1875e-06,0,6e-06,total,1.2750160388701628e-12,,,1.33,6e-06,1.6
500000.0,7.3125e-06,0,6e-06,total,4.416003040126686e-13,,,1.33,6e-06,1.6
500000.0,7.875e-06,0,6e-06,total,1.7268171415153893e-13,,,1.33,6e-06,1.6
500000.0,8.4375e-06,0,6e-06,total,5.3558416980759596e-14,,,1.33,6e-06,1.6
500000.0,9.562499999999999e-06,0,6e-06,total,2.7406331909604744e-15,,,1.33,6e-06,1.6
500000.0,1.0124999999999999e-05,0,6e-06,total,4.59340186880614e-16,,,1.33,6e-06,1.6
500000.0,1.0687499999999999e-05,0,6e-06,total,6.314490601896402e-17,,,1.33,6e-06,1.6
500000.0,1.1812499999999999e-05,0,6e-06,total,6.382249814813336e-19,,,1.33,6e-06,1.6
500000.0,1.2375e-05,0,6e-06,total,4.7027609286714136e-20,,,1.33,6e-06,1.6
500000.0,1.29375e-05,0,6e-06,total,2.6691245631136352e-21,,,1.33,6e-06,1.6
500000.0,1.40625e-05,0,6e-06,total,3.698067216523051e-24,,,1.33,6e-06,1.6
500000.0,1.4625e-05,0,6e-06,total,8.180616854373436e-26,,,1.33,6e-06,1.6
500000.0,1.51875e-05,0,6e-06,total,1.1419326319689809e-27,,,1.33,6e-06,1.6
500000.0,1.63125e-05,0,6e-06,total,5.699641470648332e-32,,,1.33,6e-06,1.6
500000.0,1.6875e-05,0,6e-06,total,1.671983913102589e-34,,,1.33,6e-06,1.6
500000.0,1.74375e-05,0,6e-06,total,2.412003961659354e-37,,,1.33,6e-06,1.6
1000.0,-1.74375e-05,0,-1.2e-05,total,-4.3791319872828584e-20,,,1.33,6e-06,1.6
1000.0,-1.6875e-05,0,-1.2e-05,total,-1.9914396541755602e-19,,,1.33,6e-06,1.6
1000.0,-1.63125e-05,0,-1.2e-05,total,-8.241899106452479e-19,,,1.33,6e-06,1.6
1000.0,-1.51875e-05,0,-1.2e-05,total,-1.184906526123586e-17,,,1.33,6e-06,1.6
1000.0,-1.4625e-05,0,-1.2e-05,total,-4.104906786502526e-17,,,1.33,6e-06,1.6
1000.0,-1.40625e-05,0,-1.2e-05,total,-1.344123731470294e-16,,,1.33,6e-06,1.6
1000.0,-1.29375e-05,0,-1.2e-05,total,-1.2197735266957005e-15,,,1.33,6e-06,1.6
1000.0,-1.2375e-05,0,-1.2e-05,total,-3.3830023374806634e-15,,,1.33,6e-06,1.6
1000.0,-1.1812499999999999e-05,0,-1.2e-05,total,-8.876397660819249e-15,,,1.33,6e-06,1.6
1000.0,-1.0687499999999999e-05,0,-1.2e-05,total,-5.1555057028325405e-14,,,1.33,6e-06,1.6
1000.0,-1.0124999999999999e-05,0,-1.2e-05,total,-1.138102542602059e-13,,,1.33,6e-06,1.6
1000.0,-9.562499999999999e-06,0,-1.2e-05,total,-2.363968559171971e-13,,,1.33,6e-06,1.6
1000.0,-8.4375e-06,0,-1.2e-05,total,-8.419090643066013e-13,,,1.33,6e-06,1.6
1000.0,-7.875e-06,0,-1.2e-05,total,-1.4360999154717896e-12,,,1.33,6e-06,1.6
1000.0,-7.3125e-06,0,-1.2e-05,total,-2.281571206644005e-12,,,1.33,6e-06,1.6
1000.0,-6.1875e-06,0,-1.2e-05,total,-4.602328698774946e-12,,,1.33,6e-06,1.6
1000.0,-5.6249999999999995e-06,0,-1.2e-05,total,-5.8161801831072e-12,,,1.33,6e-06,1.6
1000.0,-5.062499999999999e-06,0,-1.2e-05,total,-6.7863606150946714e-12,,,1.33,6e-06,1.6
1000.0,-3.9375e-06,0,-1.2e-05,total,-7.281455153407929e-12,,,1.33,6e-06,1.6
1000.0,-3.375e-06,0,-1.2e-05,total,-6.7257149390890794e-12,,,1.33,6e-06,1.6
1000.0,-2.8124999999999998e-06,0,-1.2e-05,total,-5.780824874061513e-12,,,1.33,6e-06,1.6
1000.0,-1.6875e-06,0,-1.2e-05,total,-3.414922410166964e-12,,,1.33,6e-06,1.6
1000.0,-1.125e-06,0,-1.2e-05,total,-2.231156373303864e-12,,,1.33,6e-06,1.6
1000.0,-5.625e-07,0,-1.2e-05,total,-1.0985120075496351e-12,,,1.33,6e-06,1.6
1000.0,5.625e-07,0,-1.2e-05,total,1.0985112524179685e-12,,,1.33,6e-06,1.6
1000.0,1.125e-06,0,-1.2e-05,total,2.231156370248617e-12,,,1.33,6e-06,1.6
1000.0,1.6875e-06,0,-1.2e-05,total,3.41492242138118e-12,,,1.33,6e-06,1.6
1000.0,2.8124999999999998e-06,0,-1.2e-05,total,5.780824871723877e-12,,,1.33,6e-06,1.6
1000.0,3.375e-06,0,-1.2e-05,total,6.725714949783602e-12,,,1.33,6e-06,1.6
1000.0,3.9375e-06,0,-1.2e-05,total,7.28145516460601e-12,,,1.33,6e-06,1.6
1000.0,5.062499999999999e-06,0,-1.2e-05,total,6.7863606144469826e-12,,,1.33,6e-06,1.6
1000.0,5.6249999999999995e-06,0,-1.2e-05,total,5.816180185045635e-12,,,1.33,6e-06,1.6
1000.0,6.1875e-06,0,-1.2e-05,total,4.60232869974115e-12,,,1.33,6e-06,1.6
1000.0,7.3125e-06,0,-1.2e-05,total,2.2815712078146368e-12,,,1.33,6e-06,1.6
1000.0,7.875e-06,0,-1.2e-05,total,1.4360999193195806e-12,,,1.33,6e-06,1.6
1000.0,8.4375e-06,0,-1.2e-05,total,8.419090692897187e-13,,,1.33,6e-06,1.6
1000.0,9.562499999999999e-06,0,-1.2e-05,total,2.3639685696810454e-13,,,1.33,6e-06,1.6
1000.0,1.0124999999999999e-05,0,-1.2e-05,total,1.138102542080421e-13,,,1.33,6e-06,1.6
1000.0,1.0687499999999999e-05,0,-1.2e-05,total,5.1555056312137925e-14,,,1.33,6e-06,1.6
1000.0,1.1812499999999999e-05,0,-1.2e-05,total,8.876397847731622e-15,,,1.33,6e-06,1.6
1000.0,1.2375e-05,0,-1.2e-05,total,3.383002395406704e-15,,,1.33,6e-06,1.6
1000.0,1.29375e-05,0,-1.2e-05,total,1.219773493448394e-15,,,1.33,6e-06,1.6
1000.0,1.40625e-05,0,-1.2e-05,total,1.3441236742131864e-16,,,1.33,6e-06,1.6
1000.0,1.4625e-05,0,-1.2e-05,total,4.104906796429931e-17,,,1.33,6e-06,1.6
1000.0,1.51875e-05,0,-1.2e-05,total,1.1849065904276851e-17,,,1.33,6e-06,1.6
1000.0,1.63125e-05,0,-1.2e-05,total,8.241898899692453e-19,,,1.33,6e-06,1.6
1000.0,1.6875e-05,0,-1.2e-05,total,1.9914400120661808e-19,,,1.33,6e-06,1.6
1000.0,1.74375e-05,0,-1.2e-05,total,4.3791320818820986e-20,,,1.33,6e-06,1.6
80000.0,-1.74375e-05,0,-1.2e-05,total,1.4747062566847076e-19,,,1.33,6e-06,1.6
80000.0,-1.6875e-05,0,-1.2e-05,total,5.092153478701977e-19,,,1.33,6e-06,1.6
80000.0,-1.63125e-05,0,-1.2e-05,total,1.667570988310411e-18,,,1.33,6e-06,1.6
80000.0,-1.51875e-05,0,-1.2e-05,total,1.518231791465815e-17,,,1.33,6e-06,1.6
80000.0,-1.4625e-05,0,-1.2e-05,total,4.2065047797795106e-17,,,1.33,6e-06,1.6
80000.0,-1.40625e-05,0,-1.2e-05,total,1.0971311198862971e-16,,,1.33,6e-06,1.6
80000.0,-1.29375e-05,0,-1.2e-05,total,6.104870237835806e-16,,,1.33,6e-06,1.6
80000.0,-1.2375e-05,0,-1.2e-05,total,1.2810167275936428e-15,,,1.33,6e-06,1.6
80000.0,-1.1812499999999999e-05,0,-1.2e-05,total,2.4349273589035283e-15,,,1.33,6e-06,1.6
80000.0,-1.0687499999999999e-05,0,-1.2e-05,total,5.427474726804333e-15,,,1.33,6e-06,1.6
80000.0,-1.0124999999999999e-05,0,-1.2e-05,total,4.092345540727525e-15,,,1.33,6e-06,1.6
80000.0,-9.562499999999999e-06,0,-1.2e-05,total,-6.0247128504096384e-15,,,1.33,6e-06,1.6
80000.0,-8.4375e-06,0,-1.2e-05,total,-1.0900328334946557e-13,,,1.33,6e-06,1.6
80000.0,-7.875e-06,0,-1.2e-05,total,-2.4953166434836123e-13,,,1.33,6e-06,1.6
80000.0,-7.3125e-06,0,-1.2e-05,total,-4.876227738545067e-13,,,1.33,6e-06,1.6
80000.0,-6.1875e-06,0,-1.2e-05,total,-1.2982666425973621e-12,,,1.33,6e-06,1.6
80000.0,-5.6249999999999995e-06,0,-1.2e-05,total,-1.8072848038890818e-12,,,1.33,6e-06,1.6
80000.0,-5.062499999999999e-06,0,-1.2e-05,total,-2.2770966189567236e-12,,,1.33,6e-06,1.6
80000.0,-3.9375e-06,0,-1.2e-05,total,-2.709789454410332e-12,,,1.33,6e-06,1.6
80000.0,-3.375e-06,0,-1.2e-05,total,-2.576089695484061e-12,,,1.33,6e-06,1.6
80000.0,-2.8124999999999998e-06,0,-1.2e-05,total,-2.2465632213923434e-12,,,1.33,6e-06,1.6
80000.0,-1.6875e-06,0,-1.2e-05,total,-1.3204559145163855e-12,,,1.33,6e-06,1.6
80000.0,-1.125e-06,0,-1.2e-05,total,-8.532669227817685e-13,,,1.33,6e-06,1.6
80000.0,-5.625e-07,0,-1.2e-05,total,-4.1614432044495785e-13,,,1.33,6e-06,1.6
80000.0,5.625e-07,0,-1.2e-05,total,4.161432338997619e-13,,,1.33,6e-06,1.6
80000.0,1.125e-06,0,-1.2e-05,total,8.532669225302468e-13,,,1.33,6e-06,1.6
80000.0,1.6875e-06,0,-1.2e-05,total,1.3204559249087156e-12,,,1.33,6e-06,1.6
80000.0,2.8124999999999998e-06,0,-1.2e-05,total,2.246563220237128e-12,,,1.33,6e-06,1.6
80000.0,3.375e-06,0,-1.2e-05,total,2.576089706463146e-12,,,1.33,6e-06,1.6
80000.0,3.9375e-06,0,-1.2e-05,total,2.709789471725195e-12,,,1.33,6e-06,1.6
80000.0,5.062499999999999e-06,0,-1.2e-05,total,2.277096614023017e-12,,,1.33,6e-06,1.6
80000.0,5.6249999999999995e-06,0,-1.2e-05,total,1.8072848059712566e-12,,,1.33,6e-06,1.6
80000.0,6.1875e-06,0,-1.2e-05,total,1.2982666385253697e-12,,,1.33,6e-06,1.6
80000.0,7.3125e-06,0,-1.2e-05,total,4.876227609653071e-13,,,1.33,6e-06,1.6
80000.0,7.875e-06,0,-1.2e-05,total,2.495316679628474e-13,,,1.33,6e-06,1.6
80000.0,8.4375e-06,0,-1.2e-05,total,1.0900328068957112e-13,,,1.33,6e-06,1.6
80000.0,9.562499999999999e-06,0,-1.2e-05,total,6.024712823524371e-15,,,1.33,6e-06,1.6
80000.0,1.0124999999999999e-05,0,-1.2e-05,total,-4.092343609706212e-15,,,1.33,6e-06,1.6
80000.0,1.0687499999999999e-05,0,-1.2e-05,total,-5.427475041016552e-15,,,1.33,6e-06,1.6
80000.0,1.1812499999999999e-05,0,-1.2e-05,total,-2.4349273683974413e-15,,,1.33,6e-06,1.6
80000.0,1.2375e-05,0,-1.2e-05,total,-1.2810167287431411e-15,,,1.33,6e-06,1.6
80000.0,1.29375e-05,0,-1.2e-05,total,-6.104870013460055e-16,,,1.33,6e-06,1.6
80000.0,1.40625e-05,0,-1.2e-05,total,-1.097131079166941e-16,,,1.33,6e-06,1.6
80000.0,1.4625e-05,0,-1.2e-05,total,-4.206504226364e-17,,,1.33,6e-06,1.6
80000.0,1.51875e-05,0,-1.2e-05,total,-1.5182317817769618e-17,,,1.33,6e-06,1.6
80000.0,1.63125e-05,0,-1.2e-05,total,-1.6675712768428979e-18,,,1.33,6e-06,1.6
80000.0,1.6875e-05,0,-1.2e-05,total,-5.092153860309648e-19,,,1.33,6e-06,1.6
80000.0,1.74375e-05,0,-1.2e-05,total,-1.4747063751516654e-19,,,1.33,6e-06,1.6
500000.0,-1.74375e-05,0,-1.2e-05,total,3.61661432238078e-19,,,1.33,6e-06,1.6
500000.0,-1.6875e-05,0,-1.2e-05,total,1.3000297423383804e-18,,,1.33,6e-06,1.6
500000.0,-1.63125e-05,0,-1.2e-05,total,4.460804617414792e-18,,,1.33,6e-06,1.6
500000.0,-1.51875e-05,0,-1.2e-05,total,4.539071719113113e-17,,,1.33,6e-06,1.6
500000.0,-1.4625e-05,0,-1.2e-05,total,1.3472306098934107e-16,,,1.33,6e-06,1.6
500000.0,-1.40625e-05,0,-1.2e-05,total,3.8094447373643654e-16,,,1.33,6e-06,1.6
500000.0,-1.29375e-05,0,-1.2e-05,total,2.625931990304648e-15,,,1.33,6e-06,1.6
500000.0,-1.2375e-05,0,-1.2e-05,total,6.388287452368606e-15,,,1.33,6e-06,1.6
500000.0,-1.1812499999999999e-05,0,-1.2e-05,total,1.474262878252467e-14,,,1.33,6e-06,1.6
500000.0,-1.0687499999999999e-05,0,-1.2e-05,total,6.64937523420899e-14,,,1.33,6e-06,1.6
500000.0,-1.0124999999999999e-05,0,-1.2e-05,total,1.2931571640212371e-13,,,1.33,6e-06,1.6
500000.0,-9.562499999999999e-06,0,-1.2e-05,total,2.36209938794407e-13,,,1.33,6e-06,1.6
500000.0,-8.4375e-06,0,-1.2e-05,total,6.434528098651548e-13,,,1.33,6e-06,1.6
500000.0,-7.875e-06,0,-1.2e-05,total,9.513635546449642e-13,,,1.33,6e-06,1.6
500000.0,-7.3125e-06,0,-1.2e-05,total,1.2985565464717026e-12,,,1.33,6e-06,1.6
500000.0,-6.1875e-06,0,-1.2e-05,total,1.860508644573423e-12,,,1.33,6e-06,1.6
500000.0,-5.6249999999999995e-06,0,-1.2e-05,total,1.928810936138643e-12,,,1.33,6e-06,1.6
500000.0,-5.062499999999999e-06,0,-1.2e-05,total,1.801425447392405e-12,,,1.33,6e-06,1.6
500000.0,-3.9375e-06,0,-1.2e-05,total,1.124416369627424e-12,,,1.33,6e-06,1.6
500000.0,-3.375e-06,0,-1.2e-05,total,7.490228552725434e-13,,,1.33,6e-06,1.6
500000.0,-2.8124999999999998e-06,0,-1.2e-05,total,4.5015833047224996e-13,,,1.33,6e-06,1.6
500000.0,-1.6875e-06,0,-1.2e-05,total,1.3517759905423914e-13,,,1.33,6e-06,1.6
500000.0,-1.125e-06,0,-1.2e-05,total,7.128141932155733e-14,,,1.33,6e-06,1.6
500000.0,-5.625e-07,0,-1.2e-05,total,3.1603496950886676e-14,,,1.33,6e-06,1.6
500000.0,5.625e-07,0,-1.2e-05,total,-3.160351648983502e-14,,,1.33,6e-06,1.6
500000.0,1.125e-06,0,-1.2e-05,total,-7.128142152110289e-14,,,1.33,6e-06,1.6
500000.0,1.6875e-06,0,-1.2e-05,total,-1.3517758633950176e-13,,,1.33,6e-06,1.6
500000.0,2.8124999999999998e-06,0,-1.2e-05,total,-4.501583383898886e-13,,,1.33,6e-06,1.6
500000.0,3.375e-06,0,-1.2e-05,total,-7.490228446578087e-13,,,1.33,6e-06,1.6
500000.0,3.9375e-06,0,-1.2e-05,total,-1.1244163388494944e-12,,,1.33,6e-06,1.6
500000.0,5.062499999999999e-06,0,-1.2e-05,total,-1.8014254558687335e-12,,,1.33,6e-06,1.6
500000.0,5.6249999999999995e-06,0,-1.2e-05,total,-1.928810913131296e-12,,,1.33,6e-06,1.6
500000.0,6.1875e-06,0,-1.2e-05,total,-1.860508652256876e-12,,,1.33,6e-06,1.6
500000.0,7.3125e-06,0,-1.2e-05,total,-1.2985565637602243e-12,,,1.33,6e-06,1.6
500000.0,7.875e-06,0,-1.2e-05,total,-9.513635554774795e-13,,,1.33,6e-06,1.6
500000.0,8.4375e-06,0,-1.2e-05,total,-6.434528199356908e-13,,,1.33,6e-06,1.6
500000.0,9.562499999999999e-06,0,-1.2e-05,total,-2.362099397496716e-13,,,1.33,6e-06,1.6
500000.0,1.0124999999999999e-05,0,-1.2e-05,total,-1.293157161193055e-13,,,1.33,6e-06,1.6
500000.0,1.0687499999999999e-05,0,-1.2e-05,total,-6.649375184356417e-14,,,1.33,6e-06,1.6
500000.0,1.1812499999999999e-05,0,-1.2e-05,total,-1.4742628843228166e-14,,,1.33,6e-06,1.6
500000.0,1.2375e-05,0,-1.2e-05,total,-6.388287491426667e-15,,,1.33,6e-06,1.6
500000.0,1.29375e-05,0,-1.2e-05,total,-2.6259318948682982e-15,,,1.33,6e-06,1.6
500000.0,1.40625e-05,0,-1.2e-05,total,-3.8094445354635706e-16,,,1.33,6e-06,1.6
500000.0,1.4625e-05,0,-1.2e-05,total,-1.3472305424134733e-16,,,1.33,6e-06,1.6
500000.0,1.51875e-05,0,-1.2e-05,total,-4.539071821777792e-17,,,1.33,6e-06,1.6
500000.0,1.63125e-05,0,-1.2e-05,total,-4.460805903449243e-18,,,1.33,6e-06,1.6
500000.0,1.6875e-05,0,-1.2e-05,total,-1.3000296466537038e-18,,,1.33,6e-06,1.6
500000.0,1.74375e-05,0,-1.2e-05,total,-3.6166145427421563e-19,,,1.33,6e-06,1.6
1000.0,-1.771875e-05,0,2.4e-05,total,-4.133599226273456e-15,,,1.33,6e-06,1.6
1000.0,-1.715625e-05,0,2.4e-05,total,-6.949814850484561e-15,,,1.33,6e-06,1.6
1000.0,-1.659375e-05,0,2.4e-05,total,-1.144009763883096e-14,,,1.33,6e-06,1.6
1000.0,-1.603125e-05,0,2.4e-05,total,-1.8437549794940865e-14,,,1.33,6e-06,1.6
1000.0,-1.546875e-05,0,2.4e-05,total,-2.9093666176289064e-14,,,1.33,6e-06,1.6
1000.0,-1.490625e-05,0,2.4e-05,total,-4.494795163910693e-14,,,1.33,6e-06,1.6
1000.0,-1.434375e-05,0,2.4e-05,total,-6.798782610838375e-14,,,1.33,6e-06,1.6
1000.0,-1.378125e-05,0,2.4e-05,total,-1.0068083744881309e-13,,,1.33,6e-06,1.6
1000.0,-1.321875e-05,0,2.4e-05,total,-1.4596145787915125e-13,,,1.33,6e-06,1.6
1000.0,-1.265625e-05,0,2.4e-05,total,-2.0714801862464074e-13,,,1.33,6e-06,1.6
1000.0,-1.209375e-05,0,2.4e-05,total,-2.877684668193246e-13,,,1.33,6e-06,1.6
1000.0,-1.1531249999999999e-05,0,2.4e-05,total,-3.912798071443547e-13,,,1.33,6e-06,1.6
1000.0,-1.0968749999999999e-05,0,2.4e-05,total,-5.206756311936995e-13,,,1.33,6e-06,1.6
1000.0,-1.0406249999999999e-05,0,2.4e-05,total,-6.779987289675498e-13,,,1.33,6e-06,1.6
1000.0,-9.843749999999999e-06,0,2.4e-05,total,-8.637826518879405e-13,,,1.33,6e-06,1.6
1000.0,-9.281249999999999e-06,0,2.4e-05,total,-1.0764675250120528e-12,,,1.33,6e-06,1.6
1000.0,-8.71875e-06,0,2.4e-05,total,-1.3120279317894359e-12,,,1.33,6e-06,1.6
1000.0,-8.15625e-06,0,2.4e-05,total,-1.5634252909671437e-12,,,1.33,6e-06,1.6
1000.0,-7.59375e-06,0,2.4e-05,total,-1.820736392820893e-12,,,1.33,6e-06,1.6
1000.0,-7.03125e-06,0,2.4e-05,total,-2.071288603909782e-12,,,1.33,6e-06,1.6
500000.0,-1.8e-05,0,6e-06,incident,-9.863949839363155e-40,,,1.33,6e-06,1.6
500000.0,-9e-06,0,6e-06,incident,-1.776114525069617e-14,,,1.33,6e-06,1.6
500000.0,0.0,0,6e-06,incident,-1.8048489305131364e-20,,,1.33,6e-06,1.6
500000.0,9e-06,0,6e-06,incident,1.776114527484637e-14,,,1.33,6e-06,1.6
500000.0,1.8e-05,0,6e-06,incident,9.863948613654593e-40,,,1.33,6e-06,1.6
500000.0,-1.8e-05,0,6e-06,reflection,8.12683141875169e-40,,,1.33,6e-06,1.6
500000.0,-9e-06,0,6e-06,reflection,4.535641573366092e-15,,,1.33,6e-06,1.6
500000.0,0.0,0,6e-06,reflection,-5.090934798129981e-25,,,1.33,6e-06,1.6
500000.0,9e-06,0,6e-06,reflection,-4.5356419666561615e-15,,,1.33,6e-06,1.6
500000.0,1.8e-05,0,6e-06,reflection,-8.126830743937976e-40,,,1.33,6e-06,1.6
500000.0,-1.8e-05,0,6e-06,transmission,6.908609071601965e-43,,,1.33,6e-06,1.6
500000.0,-9e-06,0,6e-06,transmission,-1.8667755678996945e-16,,,1.33,6e-06,1.6
500000.0,0.0,0,6e-06,transmission,1.6930779823650432e-23,,,1.33,6e-06,1.6
500000.0,9e-06,0,6e-06,transmission,1.8667756091609818e-16,,,1.33,6e-06,1.6
500000.0,1.8e-05,0,6e-06,transmission,-6.908605270136375e-43,,,1.33,6e-06,1.6
500000.0,-1.575e-05,0,6e-06,incident,-3.248824129921104e-29,,,1.33,6e-06,1.6
500000.0,-1.35e-05,0,6e-06,incident,-2.363598932250448e-22,,,1.33,6e-06,1.6
500000.0,-1.1249999999999999e-05,0,6e-06,incident,-1.082139516522242e-17,,,1.33,6e-06,1.6
500000.0,-6.75e-06,0,6e-06,incident,-1.0733431578587128e-12,,,1.33,6e-06,1.6
500000.0,-4.5e-06,0,6e-06,incident,-3.1795400932033854e-13,,,1.33,6e-06,1.6
500000.0,-2.25e-06,0,6e-06,incident,3.627972261620701e-15,,,1.33,6e-06,1.6
500000.0,2.25e-06,0,6e-06,incident,-3.627998182348141e-15,,,1.33,6e-06,1.6
500000.0,4.5e-06,0,6e-06,incident,3.1795401976325583e-13,,,1.33,6e-06,1.6
500000.0,6.75e-06,0,6e-06,incident,1.0733431577958933e-12,,,1.33,6e-06,1.6
500000.0,1.1249999999999999e-05,0,6e-06,incident,1.0821395600735088e-17,,,1.33,6e-06,1.6
500000.0,1.35e-05,0,6e-06,incident,2.3635743072353507e-22,,,1.33,6e-06,1.6
500000.0,1.575e-05,0,6e-06,incident,3.248823796949999e-29,,,1.33,6e-06,1.6
500000.0,-1.575e-05,0,6e-06,reflection,2.2070328227924588e-29,,,1.33,6e-06,1.6
500000.0,-1.35e-05,0,6e-06,reflection,1.2663940557910466e-22,,,1.33,6e-06,1.6
500000.0,-1.1249999999999999e-05,0,6e-06,reflection,3.7527928139962476e-18,,,1.33,6e-06,1.6
500000.0,-6.75e-06,0,6e-06,reflection,2.4144960126998636e-13,,,1.33,6e-06,1.6
500000.0,-4.5e-06,0,6e-06,reflection,1.7339001515431092e-13,,,1.33,6e-06,1.6
500000.0,-2.25e-06,0,6e-06,reflection,1.202709401645673e-13,,,1.33,6e-06,1.6
500000.0,2.25e-06,0,6e-06,reflection,-1.202709406477078e-13,,,1.33,6e-06,1.6
500000.0,4.5e-06,0,6e-06,reflection,-1.7339001628261562e-13,,,1.33,6e-06,1.6
500000.0,6.75e-06,0,6e-06,reflection,-2.414495999919963e-13,,,1.33,6e-06,1.6
500000.0,1.1249999999999999e-05,0,6e-06,reflection,-3.752793044401116e-18,,,1.33,6e-06,1.6
500000.0,1.35e-05,0,6e-06,reflection,-1.2663802428024198e-22,,,1.33,6e-06,1.6
500000.0,1.575e-05,0,6e-06,reflection,-2.2070327043824375e-29,,,1.33,6e-06,1.6
500000.0,-1.575e-05,0,6e-06,transmission,4.825226594308417e-32,,,1.33,6e-06,1.6
500000.0,-1.35e-05,0,6e-06,transmission,3.1202404048983946e-25,,,1.33,6e-06,1.6
500000.0,-1.1249999999999999e-05,0,6e-06,transmission,-2.0854935007556923e-20,,,1.33,6e-06,1.6
500000.0,-6.75e-06,0,6e-06,transmission,-3.9874428943263933e-14,,,1.33,6e-06,1.6
500000.0,-4.5e-06,0,6e-06,transmission,-1.4426849128907107e-13,,,1.33,6e-06,1.6
500000.0,-2.25e-06,0,6e-06,transmission,-2.2876134376486803e-14,,,1.33,6e-06,1.6
500000.0,2.25e-06,0,6e-06,transmission,2.2876135472938456e-14,,,1.33,6e-06,1.6
500000.0,4.5e-06,0,6e-06,transmission,1.4426849129852072e-13,,,1.33,6e-06,1.6
500000.0,6.75e-06,0,6e-06,transmission,3.987442894028432e-14,,,1.33,6e-06,1.6
500000.0,1.1249999999999999e-05,0,6e-06,transmission,2.0854934910652458e-20,,,1.33,6e-06,1.6
500000.0,1.35e-05,0,6e-06,transmission,-3.120234965171703e-25,,,1.33,6e-06,1.6
500000.0,1.575e-05,0,6e-06,transmission,-4.825225312311085e-32,,,1.33,6e-06,1.6
500000.0,-1.74375e-05,0,6e-06,incident,-1.2606358634459724e-36,,,1.33,6e-06,1.6
500000.0,-1.6875e-05,0,6e-06,incident,-7.937242326241003e-34,,,1.33,6e-06,1.6
500000.0,-1.63125e-05,0,6e-06,incident,-2.1052894851762686e-31,,,1.33,6e-06,1.6
500000.0,-1.51875e-05,0,6e-06,incident,-2.981453408989417e-27,,,1.33,6e-06,1.6
500000.0,-1.4625e-05,0,6e-06,incident,-1.938669529197491e-25,,,1.33,6e-06,1.6
500000.0,-1.40625e-05,0,6e-06,incident,-8.758756697625486e-24,,,1.33,6e-06,1.6
500000.0,-1.29375e-05,0,6e-06,incident,-4.668406432931235e-21,,,1.33,6e-06,1.6
500000.0,-1.2375e-05,0,6e-06,incident,-8.413437170558483e-20,,,1.33,6e-06,1.6
500000.0,-1.1812499999999999e-05,0,6e-06,incident,-1.0338124663797804e-18,,,1.33,6e-06,1.6
500000.0,-1.0687499999999999e-05,0,6e-06,incident,-9.207096363044728e-17,,,1.33,6e-06,1.6
500000.0,-1.0124999999999999e-05,0,6e-06,incident,-6.445462912648848e-16,,,1.33,6e-06,1.6
500000.0,-9.562499999999999e-06,0,6e-06,incident,-3.725721183191827e-15,,,1.33,6e-06,1.6
500000.0,-8.4375e-06,0,6e-06,incident,-6.939386170659984e-14,,,1.33,6e-06,1.6
500000.0,-7.875e-06,0,6e-06,incident,-2.1962829699597796e-13,,,1.33,6e-06,1.6
500000.0,-7.3125e-06,0,6e-06,incident,-5.524606517154114e-13,,,1.33,6e-06,1.6
500000.0,-6.1875e-06,0,6e-06,incident,-1.5425738772787862e-12,,,1.33,6e-06,1.6
500000.0,-5.6249999999999995e-06,0,6e-06,incident,-1.5368749730443495e-12,,,1.33,6e-06,1.6
500000.0,-5.062499999999999e-06,0,6e-06,incident,-9.591770632796342e-13,,,1.33,6e-06,1.6
500000.0,-3.9375e-06,0,6e-06,incident,-4.088644311425377e-14,,,1.33,6e-06,1.6
500000.0,-3.375e-06,0,6e-06,incident,1.8155563509676284e-15,,,1.33,6e-06,1.6
500000.0,-2.8124999999999998e-06,0,6e-06,incident,3.819254298686744e-15,,,1.33,6e-06,1.6
500000.0,-1.6875e-06,0,6e-06,incident,2.975102114353771e-15,,,1.33,6e-06,1.6
500000.0,-1.125e-06,0,6e-06,incident,2.081683658920584e-15,,,1.33,6e-06,1.6
500000.0,-5.625e-07,0,6e-06,incident,1.0665521383285765e-15,,,1.33,6e-06,1.6
500000.0,5.625e-07,0,6e-06,incident,-1.0665291871891988e-15,,,1.33,6e-06,1.6
500000.0,1.125e-06,0,6e-06,incident,-2.081697421979486e-15,,,1.33,6e-06,1.6
500000.0,1.6875e-06,0,6e-06,incident,-2.975078668064711e-15,,,1.33,6e-06,1.6
500000.0,2.8124999999999998e-06,0,6e-06,incident,-3.819229255680305e-15,,,1.33,6e-06,1.6
500000.0,3.375e-06,0,6e-06,incident,-1.8155610298025304e-15,,,1.33,6e-06,1.6
500000.0,3.9375e-06,0,6e-06,incident,4.0886469710643934e-14,,,1.33,6e-06,1.6
500000.0,5.062499999999999e-06,0,6e-06,incident,9.5917706436808e-13,,,1.33,6e-06,1.6
500000.0,5.6249999999999995e-06,0,6e-06,incident,1.536874970782584e-12,,,1.33,6e-06,1.6
500000.0,6.1875e-06,0,6e-06,incident,1.5425738698152208e-12,,,1.33,6e-06,1.6
500000.0,7.3125e-06,0,6e-06,incident,5.524606501267974e-13,,,1.33,6e-06,1.6
500000.0,7.875e-06,0,6e-06,incident,2.1962829743691756e-13,,,1.33,6e-06,1.6
500000.0,8.4375e-06,0,6e-06,incident,6.939386229753225e-14,,,1.33,6e-06,1.6
500000.0,9.562499999999999e-06,0,6e-06,incident,3.725721169462061e-15,,,1.33,6e-06,1.6
500000.0,1.0124999999999999e-05,0,6e-06,incident,6.445463249786364e-16,,,1.33,6e-06,1.6
500000.0,1.0687499999999999e-05,0,6e-06,incident,9.207096056063092e-17,,,1.33,6e-06,1.6
500000.0,1.1812499999999999e-05,0,6e-06,incident,1.0338124372441223e-18,,,1.33,6e-06,1.6
500000.0,1.2375e-05,0,6e-06,incident,8.431238340461689e-20,,,1.33,6e-06,1.6
500000.0,1.29375e-05,0,6e-06,incident,4.671201138725951e-21,,,1.33,6e-06,1.6
500000.0,1.40625e-05,0,6e-06,incident,8.755748745592643e-24,,,1.33,6e-06,1.6
500000.0,1.4625e-05,0,6e-06,incident,1.9386696469365423e-25,,,1.33,6e-06,1.6
500000.0,1.51875e-05,0,6e-06,incident,2.9814534001721226e-27,,,1.33,6e-06,1.6
500000.0,1.63125e-05,0,6e-06,incident,2.105288914579197e-31,,,1.33,6e-06,1.6
500000.0,1.6875e-05,0,6e-06,incident,7.937253306858872e-34,,,1.33,6e-06,1.6
500000.0,1.74375e-05,0,6e-06,incident,1.260659415418005e-36,,,1.33,6e-06,1.6
500000.0,-1.74375e-05,0,6e-06,reflection,1.0210334317921399e-36,,,1.33,6e-06,1.6
500000.0,-1.6875e-05,0,6e-06,reflection,6.257993724969253e-34,,,1.33,6e-06,1.6
500000.0,-1.63125e-05,0,6e-06,reflection,1.5327342528191577e-31,,,1.33,6e-06,1.6
500000.0,-1.51875e-05,0,6e-06,reflection,1.83526318370689e-27,,,1.33,6e-06,1.6
500000.0,-1.4625e-05,0,6e-06,reflection,1.1172231200756062e-25,,,1.33,6e-06,1.6
500000.0,-1.40625e-05,0,6e-06,reflection,5.048932899058782e-24,,,1.33,6e-06,1.6
500000.0,-1.29375e-05,0,6e-06,reflection,1.9953043880209587e-21,,,1.33,6e-06,1.6
500000.0,-1.2375e-05,0,6e-06,reflection,3.709145954095185e-20,,,1.33,6e-06,1.6
500000.0,-1.1812499999999999e-05,0,6e-06,reflection,3.7878839693295243e-19,,,1.33,6e-06,1.6
500000.0,-1.0687499999999999e-05,0,6e-06,reflection,2.9244242961224195e-17,,,1.33,6e-06,1.6
500000.0,-1.0124999999999999e-05,0,6e-06,reflection,1.8860487937067345e-16,,,1.33,6e-06,1.6
500000.0,-9.562499999999999e-06,0,6e-06,reflection,1.0133179683869509e-15,,,1.33,6e-06,1.6
500000.0,-8.4375e-06,0,6e-06,reflection,1.682732581775393e-14,,,1.33,6e-06,1.6
500000.0,-7.875e-06,0,6e-06,reflection,5.1191148896668835e-14,,,1.33,6e-06,1.6
500000.0,-7.3125e-06,0,6e-06,reflection,1.2546632091856017e-13,,,1.33,6e-06,1.6
500000.0,-6.1875e-06,0,6e-06,reflection,3.5235282690126083e-13,,,1.33,6e-06,1.6
500000.0,-5.6249999999999995e-06,0,6e-06,reflection,3.7468864127646776e-13,,,1.33,6e-06,1.6
500000.0,-5.062499999999999e-06,0,6e-06,reflection,2.8510441501876147e-13,,,1.33,6e-06,1.6
500000.0,-3.9375e-06,0,6e-06,reflection,1.2106659430848104e-13,,,1.33,6e-06,1.6
500000.0,-3.375e-06,0,6e-06,reflection,1.1587930818146619e-13,,,1.33,6e-06,1.6
500000.0,-2.8124999999999998e-06,0,6e-06,reflection,1.2193645300257172e-13,,,1.33,6e-06,1.6
500000.0,-1.6875e-06,0,6e-06,reflection,1.0521094499561272e-13,,,1.33,6e-06,1.6
500000.0,-1.125e-06,0,6e-06,reflection,7.769500983789094e-14,,,1.33,6e-06,1.6
500000.0,-5.625e-07,0,6e-06,reflection,4.117289464271693e-14,,,1.33,6e-06,1.6
500000.0,5.625e-07,0,6e-06,reflection,-4.117289462865389e-14,,,1.33,6e-06,1.6
500000.0,1.125e-06,0,6e-06,reflection,-7.769500957947908e-14,,,1.33,6e-06,1.6
500000.0,1.6875e-06,0,6e-06,reflection,-1.0521094494182204e-13,,,1.33,6e-06,1.6
500000.0,2.8124999999999998e-06,0,6e-06,reflection,-1.2193645376679391e-13,,,1.33,6e-06,1.6
500000.0,3.375e-06,0,6e-06,reflection,-1.1587930773938609e-13,,,1.33,6e-06,1.6
500000.0,3.9375e-06,0,6e-06,reflection,-1.2106659472465886e-13,,,1.33,6e-06,1.6
500000.0,5.062499999999999e-06,0,6e-06,reflection,-2.851044144497871e-13,,,1.33,6e-06,1.6
500000.0,5.6249999999999995e-06,0,6e-06,reflection,-3.746886405874007e-13,,,1.33,6e-06,1.6
500000.0,6.1875e-06,0,6e-06,reflection,-3.5235282603814113e-13,,,1.33,6e-06,1.6
500000.0,7.3125e-06,0,6e-06,reflection,-1.2546632041594934e-13,,,1.33,6e-06,1.6
500000.0,7.875e-06,0,6e-06,reflection,-5.11911489519352e-14,,,1.33,6e-06,1.6
500000.0,8.4375e-06,0,6e-06,reflection,-1.6827326081750818e-14,,,1.33,6e-06,1.6
500000.0,9.562499999999999e-06,0,6e-06,reflection,-1.0133179189686551e-15,,,1.33,6e-06,1.6
500000.0,1.0124999999999999e-05,0,6e-06,reflection,-1.886048831129796e-16,,,1.33,6e-06,1.6
500000.0,1.0687499999999999e-05,0,6e-06,reflection,-2.924424422936589e-17,,,1.33,6e-06,1.6
500000.0,1.1812499999999999e-05,0,6e-06,reflection,-3.7878844643854673e-19,,,1.33,6e-06,1.6
500000.0,1.2375e-05,0,6e-06,reflection,-3.7091454571092864e-20,,,1.33,6e-06,1.6
500000.0,1.29375e-05,0,6e-06,reflection,-1.9953044652291956e-21,,,1.33,6e-06,1.6
500000.0,1.40625e-05,0,6e-06,reflection,-5.0457139479781806e-24,,,1.33,6e-06,1.6
500000.0,1.4625e-05,0,6e-06,reflection,-1.1172231869266243e-25,,,1.33,6e-06,1.6
500000.0,1.51875e-05,0,6e-06,reflection,-1.8352631757648453e-27,,,1.33,6e-06,1.6
500000.0,1.63125e-05,0,6e-06,reflection,-1.5327337070968103e-31,,,1.33,6e-06,1.6
500000.0,1.6875e-05,0,6e-06,reflection,-6.2580036813796985e-34,,,1.33,6e-06,1.6
500000.0,1.74375e-05,0,6e-06,reflection,-1.0210542304338917e-36,,,1.33,6e-06,1.6
500000.0,-1.74375e-05,0,6e-06,transmission,1.011767131879502e-39,,,1.33,6e-06,1.6
500000.0,-1.6875e-05,0,6e-06,transmission,7.250656042503009e-37,,,1.33,6e-06,1.6
500000.0,-1.63125e-05,0,6e-06,transmission,2.5913308633491676e-34,,,1.33,6e-06,1.6
500000.0,-1.51875e-05,0,6e-06,transmission,5.096340840505828e-30,,,1.33,6e-06,1.6
500000.0,-1.4625e-05,0,6e-06,transmission,3.1387508478986253e-28,,,1.33,6e-06,1.6
500000.0,-1.40625e-05,0,6e-06,transmission,1.1967469870563455e-26,,,1.33,6e-06,1.6
500000.0,-1.29375e-05,0,6e-06,transmission,4.058387214341725e-24,,,1.33,6e-06,1.6
500000.0,-1.2375e-05,0,6e-06,transmission,1.9702159252023846e-23,,,1.33,6e-06,1.6
500000.0,-1.1812499999999999e-05,0,6e-06,transmission,-6.45112404006488e-22,,,1.33,6e-06,1.6
500000.0,-1.0687499999999999e-05,0,6e-06,transmission,-3.0261913237196167e-19,,,1.33,6e-06,1.6
500000.0,-1.0124999999999999e-05,0,6e-06,transmission,-3.3752585618456576e-18,,,1.33,6e-06,1.6
500000.0,-9.562499999999999e-06,0,6e-06,transmission,-2.820793185944806e-17,,,1.33,6e-06,1.6
500000.0,-8.4375e-06,0,6e-06,transmission,-9.919949407436606e-16,,,1.33,6e-06,1.6
500000.0,-7.875e-06,0,6e-06,transmission,-4.2491722149037384e-15,,,1.33,6e-06,1.6
500000.0,-7.3125e-06,0,6e-06,transmission,-1.4610769868090145e-14,,,1.33,6e-06,1.6
500000.0,-6.1875e-06,0,6e-06,transmission,-8.479381878044511e-14,,,1.33,6e-06,1.6
500000.0,-5.6249999999999995e-06,0,6e-06,transmission,-1.3707355576107085e-13,,,1.33,6e-06,1.6
500000.0,-5.062499999999999e-06,0,6e-06,transmission,-1.6412742668809987e-13,,,1.33,6e-06,1.6
500000.0,-3.9375e-06,0,6e-06,transmission,-9.806584498224112e-14,,,1.33,6e-06,1.6
500000.0,-3.375e-06,0,6e-06,transmission,-5.93841242281233e-14,,,1.33,6e-06,1.6
500000.0,-2.8124999999999998e-06,0,6e-06,transmission,-3.634298226964583e-14,,,1.33,6e-06,1.6
500000.0,-1.6875e-06,0,6e-06,transmission,-1.436003689978215e-14,,,1.33,6e-06,1.6
500000.0,-1.125e-06,0,6e-06,transmission,-8.465459611031183e-15,,,1.33,6e-06,1.6
500000.0,-5.625e-07,0,6e-06,transmission,-3.937644857943668e-15,,,1.33,6e-06,1.6
500000.0,5.625e-07,0,6e-06,transmission,3.937644834614942e-15,,,1.33,6e-06,1.6
500000.0,1.125e-06,0,6e-06,transmission,8.465459652904637e-15,,,1.33,6e-06,1.6
500000.0,1.6875e-06,0,6e-06,transmission,1.4360036882944033e-14,,,1.33,6e-06,1.6
500000.0,2.8124999999999998e-06,0,6e-06,transmission,3.634298213094051e-14,,,1.33,6e-06,1.6
500000.0,3.375e-06,0,6e-06,transmission,5.938412425186941e-14,,,1.33,6e-06,1.6
500000.0,3.9375e-06,0,6e-06,transmission,9.806584494274988e-14,,,1.33,6e-06,1.6
500000.0,5.062499999999999e-06,0,6e-06,transmission,1.6412742694909928e-13,,,1.33,6e-06,1.6
500000.0,5.6249999999999995e-06,0,6e-06,transmission,1.3707355569983944e-13,,,1.33,6e-06,1.6
500000.0,6.1875e-06,0,6e-06,transmission,8.47938184835508e-14,,,1.33,6e-06,1.6
500000.0,7.3125e-06,0,6e-06,transmission,1.4610769796446703e-14,,,1.33,6e-06,1.6
500000.0,7.875e-06,0,6e-06,transmission,4.249172211351916e-15,,,1.33,6e-06,1.6
500000.0,8.4375e-06,0,6e-06,transmission,9.919949610308512e-16,,,1.33,6e-06,1.6
500000.0,9.562499999999999e-06,0,6e-06,transmission,2.820793266536247e-17,,,1.33,6e-06,1.6
500000.0,1.0124999999999999e-05,0,6e-06,transmission,3.3752585085690874e-18,,,1.33,6e-06,1.6
500000.0,1.0687499999999999e-05,0,6e-06,transmission,3.026191064383706e-19,,,1.33,6e-06,1.6
500000.0,1.1812499999999999e-05,0,6e-06,transmission,6.4511177245726e-22,,,1.33,6e-06,1.6
500000.0,1.2375e-05,0,6e-06,transmission,-1.9702205407868353e-23,,,1.33,6e-06,1.6
500000.0,1.29375e-05,0,6e-06,transmission,-4.058387312870581e-24,,,1.33,6e-06,1.6
500000.0,1.40625e-05,0,6e-06,transmission,-1.1967668802169085e-26,,,1.33,6e-06,1.6
500000.0,1.4625e-05,0,6e-06,transmission,-3.1388204274119163e-28,,,1.33,6e-06,1.6
500000.0,1.51875e-05,0,6e-06,transmission,-5.091445089995531e-30,,,1.33,6e-06,1.6
500000.0,1.63125e-05,0,6e-06,transmission,-2.591331081322178e-34,,,1.33,6e-06,1.6
500000.0,1.6875e-05,0,6e-06,transmission,-7.250655053136999e-37,,,1.33,6e-06,1.6
500000.0,1.74375e-05,0,6e-06,transmission,-1.0117720491172778e-39,,,1.33,6e-06,1.6
1000.0,-6.46875e-06,0,2.4e-05,total,-2.300237722921316e-12,,,1.33,6e-06,1.6
1000.0,-5.9062499999999996e-06,0,2.4e-05,total,-2.491513527888827e-12,,,1.33,6e-06,1.6
1000.0,-5.3437499999999994e-06,0,2.4e-05,total,-2.628973015314408e-12,,,1.33,6e-06,1.6
